fecha,tmed,tmin,tmax,velmedia,hrMedia
2019-01-01,5.3,-4.1,14.7,0.8,62.0
2019-01-02,4.6,-5.5,14.6,1.1,65.0
2019-01-03,6.0,-2.8,14.7,1.1,63.0
2019-01-04,5.0,-4.2,14.3,0.6,60.0
2019-01-05,4.5,-5.8,14.8,1.1,58.0
2019-01-06,4.7,-7.1,16.5,1.4,51.0
2019-01-07,6.0,-5.5,17.4,0.8,43.0
2019-01-08,5.5,-5.3,16.3,0.8,55.0
2019-01-09,5.4,-3.6,14.4,1.9,61.0
2019-01-10,2.2,-5.0,9.5,3.1,60.0
2019-01-11,1.4,-7.1,9.9,2.2,54.0
2019-01-12,3.2,-5.5,11.9,1.9,63.0
2019-01-13,3.3,-5.8,12.4,0.6,65.0
2019-01-14,6.6,-4.2,17.4,0.3,64.0
2019-01-15,6.2,-3.2,15.5,0.3,64.0
2019-01-16,3.7,-4.5,11.9,1.9,73.0
2019-01-17,2.8,-2.7,8.3,0.0,80.0
2019-01-18,1.0,-5.1,7.2,0.3,77.0
2019-01-19,-0.2,-6.0,5.6,1.4,81.5
2019-01-20,4.6,-1.3,10.5,2.8,72.0
2019-01-21,3.7,-2.9,10.3,2.8,69.0
2019-01-22,2.5,-3.5,8.5,0.8,81.0
2019-01-23,8.2,1.8500000000000005,14.4,3.6,67.0
2019-01-24,9.6,1.950000000000001,14.9,3.6,63.0
2019-01-25,8.4,1.0,15.7,2.2,57.0
2019-01-26,5.4,-3.4,14.1,1.7,67.0
2019-01-27,5.0,-3.0,13.1,2.5,58.0
2019-01-28,5.8,-2.8,14.4,2.8,59.0
2019-01-29,5.4,-2.3,13.0,3.9,74.0
2019-01-30,5.0,-1.7,11.6,3.1,61.0
2019-01-31,10.1,0.75,13.3,7.8,83.0
2019-02-01,7.4,0.6000000000000014,10.1,6.9,76.0
2019-02-02,3.3,-1.1,7.7,3.1,56.0
2019-02-03,2.9,-2.7,8.5,3.9,54.0
2019-02-04,3.4,-5.1,12.6,1.1,61.0
2019-02-05,7.2,-2.4,16.8,1.4,63.0
2019-02-06,7.6,-1.6,16.8,1.1,67.0
2019-02-07,8.0,-0.9,16.9,1.1,62.0
2019-02-08,6.6,-2.7,15.8,1.7,65.0
2019-02-09,6.1,-1.7,13.9,1.7,70.5
2019-02-10,6.7,1.5,11.9,3.3,72.0
2019-02-11,7.4,0.6,14.2,3.3,58.0
2019-02-12,6.8,-1.9,15.4,1.4,58.0
2019-02-13,8.2,-1.9,18.3,1.4,59.0
2019-02-14,6.7,-3.0,16.4,0.8,56.0
2019-02-15,7.8,-2.9,18.4,0.8,61.0
2019-02-16,10.1,1.1,19.1,2.5,45.0
2019-02-17,7.4,-3.6,18.3,1.1,43.0
2019-02-18,8.0,-1.2,17.1,1.4,57.0
2019-02-19,7.8,-0.7,16.2,1.1,61.0
2019-02-20,8.0,-0.5,16.5,1.7,62.0
2019-02-21,9.6,0.4,18.7,1.7,57.0
2019-02-22,9.4,-1.3,20.1,1.1,49.0
2019-02-23,8.7,-3.3,20.7,1.4,51.0
2019-02-24,11.0,1.2,20.8,1.4,47.0
2019-02-25,10.6,0.6,20.7,1.1,51.0
2019-02-26,11.9,1.6,22.2,2.2,46.0
2019-02-27,11.2,0.6,21.7,1.7,41.0
2019-02-28,9.4,-1.4,20.2,1.1,49.0
2019-03-01,11.2,1.2,21.3,1.9,45.0
2019-03-02,11.1,1.2,21.0,1.7,50.0
2019-03-03,10.9,0.2,21.6,3.3,52.0
2019-03-04,13.0,4.05,16.8,4.7,67.0
2019-03-05,11.6,4.1499999999999995,16.0,3.1,59.0
2019-03-06,10.2,4.1499999999999995,13.6,6.4,68.5
2019-03-07,6.8,0.6,12.9,2.8,63.0
2019-03-08,9.3,2.3,16.3,1.4,60.0
2019-03-09,10.2,0.8,19.6,1.4,57.0
2019-03-10,12.4,1.6,23.3,1.7,59.0
2019-03-11,12.6,4.3500000000000005,19.7,1.9,52.0
2019-03-12,11.8,1.0,22.7,3.6,51.0
2019-03-13,9.2,3.1,15.2,5.0,44.0
2019-03-14,8.8,-1.1,18.8,0.8,48.0
2019-03-15,11.6,-1.0,24.1,1.4,42.0
2019-03-16,13.0,0.5,25.5,1.7,41.0
2019-03-17,11.0,0.6,21.3,3.3,48.0
2019-03-18,9.0,1.8,16.1,3.6,39.0
2019-03-19,9.8,3.6,16.0,3.6,45.0
2019-03-20,6.8,-2.2,15.9,2.2,49.0
2019-03-21,7.2,-1.8,16.3,1.4,47.0
2019-03-22,9.4,-1.6,20.3,2.2,43.0
2019-03-23,12.0,2.2,21.7,3.1,46.0
2019-03-24,13.4,3.9,23.0,1.9,39.0
2019-03-25,13.2,4.2,22.1,3.9,35.0
2019-03-26,13.6,4.5,22.6,5.3,34.0
2019-03-27,9.2,-2.4,20.7,1.1,40.0
2019-03-28,10.2,0.1,20.2,1.4,32.0
2019-03-29,10.4,1.3,19.5,3.6,39.0
2019-03-30,10.5,0.6,20.4,1.7,43.0
2019-03-31,10.2,7.1,13.3,1.7,72.0
2019-04-01,12.6,8.3,16.9,1.1,72.0
2019-04-02,13.2,7.1,19.3,2.5,59.0
2019-04-03,9.4,2.2,16.6,3.9,51.0
2019-04-04,8.1,1.2,15.0,2.5,36.0
2019-04-05,7.65,2.9,10.7,3.6,82.0
2019-04-06,7.2,2.5,11.8,5.3,74.0
2019-04-07,8.4,3.2,13.6,2.8,68.0
2019-04-08,12.1,6.9,17.3,3.9,69.0
2019-04-09,8.0,3.6,12.5,3.3,69.0
2019-04-10,9.6,3.6,15.6,1.7,75.0
2019-04-11,8.2,-0.3,16.6,3.6,57.0
2019-04-12,10.0,0.1,19.8,1.7,53.0
2019-04-13,10.8,-0.5,22.2,1.7,36.0
2019-04-14,14.8,4.6,25.0,2.2,49.0
2019-04-15,16.8,7.9,25.8,4.2,54.0
2019-04-16,13.0,3.0,23.1,2.2,49.0
2019-04-17,17.8,10.1,25.5,4.2,48.0
2019-04-18,11.8,9.4,14.2,2.2,86.0
2019-04-19,9.6,8.1,11.1,1.7,88.0
2019-04-20,14.2,9.4,18.9,6.1,51.0
2019-04-21,10.4,8.3,12.6,4.7,69.0
2019-04-22,13.1,7.2,19.0,1.9,65.0
2019-04-23,10.1,6.4,13.8,4.2,73.0
2019-04-24,8.7,5.1,12.3,6.4,81.0
2019-04-25,10.6,7.1,14.1,6.9,68.0
2019-04-26,11.2,4.1,18.4,1.9,55.0
2019-04-27,12.8,3.0,22.6,1.4,54.0
2019-04-28,16.6,8.2,25.0,2.2,51.0
2019-04-29,17.6,9.2,26.0,1.9,43.0
2019-04-30,17.8,8.4,27.1,1.1,51.0
2019-05-01,17.2,7.4,26.9,1.7,47.0
2019-05-02,17.1,9.0,25.2,1.9,52.0
2019-05-03,13.6,7.6,19.6,5.0,55.0
2019-05-04,12.6,4.0,23.3,2.2,43.0
2019-05-05,14.7,6.3,23.1,2.8,38.0
2019-05-06,14.3,3.2999999999999994,26.1,3.1,37.0
2019-05-07,16.1,7.8,24.4,4.2,54.0
2019-05-08,15.7,11.1,20.3,7.5,68.0
2019-05-09,14.7,5.8,23.6,4.2,54.0
2019-05-10,19.6,11.8,26.0,4.7,58.0
2019-05-11,17.5,7.6,27.4,3.1,41.0
2019-05-12,16.6,5.8,27.3,3.6,27.0
2019-05-13,19.0,7.2,30.7,3.6,26.0
2019-05-14,19.0,7.2,30.7,2.5,29.0
2019-05-15,21.0,9.0,32.9,3.1,28.0
2019-05-16,19.8,8.7,31.0,4.7,37.0
2019-05-17,12.4,6.2,18.5,3.9,46.0
2019-05-18,12.5,6.3,18.7,3.6,38.0
2019-05-19,15.5,9.6,21.4,2.8,37.0
2019-05-20,14.4,5.6,23.2,2.5,37.0
2019-05-21,18.4,10.2,26.6,2.5,40.0
2019-05-22,18.9,8.8,29.0,2.2,36.0
2019-05-23,20.5,10.9,30.1,3.3,37.0
2019-05-24,17.8,11.5,24.1,7.2,48.0
2019-05-25,16.0,7.1,24.8,4.4,42.0
2019-05-26,17.6,7.4,27.9,3.3,38.0
2019-05-27,19.2,9.5,28.8,2.8,41.0
2019-05-28,19.0,11.1,27.0,4.4,32.0
2019-05-29,18.6,9.5,27.6,4.2,36.0
2019-05-30,21.2,11.1,31.3,3.1,29.0
2019-05-31,22.2,11.2,33.3,1.9,28.0
2019-06-01,23.4,11.9,34.8,1.7,29.0
2019-06-02,24.6,13.8,35.4,2.8,27.0
2019-06-03,24.6,14.55,34.1,4.2,25.0
2019-06-04,21.3,12.3,30.3,5.8,39.0
2019-06-05,16.5,10.4,22.6,3.6,33.0
2019-06-06,15.4,6.749999999999999,25.6,4.7,30.0
2019-06-07,16.8,10.5,23.0,3.1,36.0
2019-06-08,19.0,8.7,29.4,4.4,38.0
2019-06-09,19.4,10.5,28.2,3.9,32.0
2019-06-10,19.4,11.1,27.6,3.6,34.0
2019-06-11,15.4,8.8,22.0,5.6,35.0
2019-06-12,15.6,6.0000000000000036,26.0,2.8,30.0
2019-06-13,21.1,12.4,29.8,4.4,34.0
2019-06-14,19.1,11.8,26.4,5.3,28.0
2019-06-15,17.6,8.3,27.0,1.4,30.0
2019-06-16,21.1,11.2,31.0,2.8,31.0
2019-06-17,22.3,12.0,32.6,3.3,27.0
2019-06-18,23.8,15.6,31.9,4.7,21.0
2019-06-19,23.0,17.5,28.6,4.7,42.0
2019-06-20,21.6,13.0,30.1,3.3,38.0
2019-06-21,23.2,15.5,30.9,2.8,38.0
2019-06-22,23.4,13.8,32.9,3.1,35.0
2019-06-23,26.9,18.6,35.2,2.8,31.0
2019-06-24,26.8,20.0,33.6,2.5,30.0
2019-06-25,26.4,16.4,36.5,2.8,37.0
2019-06-26,29.7,22.2,37.2,3.1,36.0
2019-06-27,30.5,20.6,40.4,5.0,28.0
2019-06-28,30.0,20.8,42.0,2.8,24.0
2019-06-29,29.5,17.1,41.9,2.8,20.0
2019-06-30,30.3,20.8,39.8,2.8,21.0
2019-07-01,29.4,21.4,37.3,3.3,29.0
2019-07-02,26.8,17.6,36.1,1.9,37.0
2019-07-03,27.2,17.8,36.5,2.8,41.0
2019-07-04,27.6,20.2,35.1,3.9,31.0
2019-07-05,27.0,19.0,34.9,3.6,30.0
2019-07-06,25.2,14.7,35.6,3.9,26.0
2019-07-07,25.0,14.7,35.2,3.3,27.0
2019-07-08,25.6,18.7,32.5,2.2,39.0
2019-07-09,21.8,14.0,31.55,2.8,39.0
2019-07-10,23.7,13.7,33.7,1.7,36.0
2019-07-11,27.2,16.2,38.1,1.9,30.0
2019-07-12,29.6,18.8,40.3,1.9,27.0
2019-07-13,30.0,22.1,37.9,4.7,28.0
2019-07-14,26.1,18.1,34.1,3.3,40.5
2019-07-15,27.4,18.0,36.7,3.3,30.0
2019-07-16,27.8,18.0,37.6,2.2,30.0
2019-07-17,28.0,21.3,34.8,1.9,31.0
2019-07-18,27.4,18.3,36.6,2.2,36.0
2019-07-19,29.2,20.3,38.0,3.3,31.0
2019-07-20,29.4,20.3,38.5,2.5,30.0
2019-07-21,29.45,21.9,39.8,1.9,32.0
2019-07-22,29.5,20.3,38.7,3.9,26.0
2019-07-23,29.25,21.6,39.5,3.3,28.0
2019-07-24,29.0,19.1,39.0,3.1,27.0
2019-07-25,26.9,24.1,37.3,3.9,25.0
2019-07-26,24.8,17.3,32.3,4.2,35.0
2019-07-27,21.8,15.1,31.09999999999998,5.0,38.0
2019-07-28,22.2,13.3,31.049999999999997,2.2,38.0
2019-07-29,24.8,15.5,34.2,4.2,29.0
2019-07-30,23.0,13.3,32.6,2.5,26.0
2019-07-31,25.5,15.7,35.3,5.0,41.0
2019-08-01,27.2,19.3,35.1,3.6,34.0
2019-08-02,27.6,18.6,36.6,2.8,33.0
2019-08-03,27.5,18.1,36.9,3.3,26.0
2019-08-04,26.4,16.0,36.9,4.2,23.0
2019-08-05,26.4,16.1,36.7,3.1,27.0
2019-08-06,26.3,15.7,36.9,3.3,26.0
2019-08-07,25.0,21.099999999999994,28.6,3.9,41.0
2019-08-08,25.4,16.1,34.8,3.6,42.0
2019-08-09,26.1,19.5,32.7,6.1,47.0
2019-08-10,24.8,16.8,32.9,2.5,41.0
2019-08-11,23.2,15.4,30.9,4.2,32.0
2019-08-12,20.2,11.849999999999998,28.6,3.1,35.0
2019-08-13,22.5,13.9,31.1,2.8,34.0
2019-08-14,24.1,13.9,34.3,1.9,31.0
2019-08-15,26.6,16.6,36.5,2.2,31.0
2019-08-16,27.4,17.9,36.8,3.3,33.0
2019-08-17,27.0,16.2,37.7,3.9,30.0
2019-08-18,25.3,14.7,35.9,4.7,25.0
2019-08-19,25.6,16.9,34.2,3.3,39.0
2019-08-20,24.8,18.4,30.6,5.3,51.0
2019-08-21,24.0,16.4,31.5,3.1,52.0
2019-08-22,23.6,14.0,33.1,2.5,43.0
2019-08-23,24.0,14.5,33.5,1.4,34.0
2019-08-24,25.0,14.6,35.4,1.9,31.0
2019-08-25,26.4,17.1,35.6,3.1,32.0
2019-08-26,23.1,15.5,30.7,2.8,53.0
2019-08-27,21.7,15.7,27.7,1.1,55.5
2019-08-28,23.6,15.5,31.8,1.9,49.0
2019-08-29,25.6,16.8,34.4,1.7,44.0
2019-08-30,26.6,17.6,35.6,3.9,46.0
2019-08-31,25.3,16.5,34.1,2.8,43.0
2019-09-01,26.1,17.0,35.2,1.9,44.0
2019-09-02,24.9,16.9,32.9,3.6,48.0
2019-09-03,25.0,15.8,34.1,2.2,39.0
2019-09-04,25.2,15.9,34.4,1.7,29.0
2019-09-05,21.2,14.5,27.8,6.4,34.0
2019-09-06,18.8,12.45,27.4,4.4,35.0
2019-09-07,21.2,13.0,29.3,3.1,39.0
2019-09-08,21.9,13.3,30.5,2.2,42.0
2019-09-09,21.8,13.2,30.5,3.6,34.0
2019-09-10,17.1,13.3,20.9,5.6,41.0
2019-09-11,17.4,12.149999999999999,26.4,5.6,42.0
2019-09-12,22.2,14.2,30.2,3.3,43.0
2019-09-13,19.1,15.8,22.4,1.4,71.0
2019-09-14,19.2,14.6,23.9,3.1,82.5
2019-09-15,19.3,16.5,22.1,1.9,82.5
2019-09-16,20.85,15.8,25.950000000000003,1.65,71.5
2019-09-17,20.85,15.8,25.950000000000003,1.65,71.5
2019-09-18,20.85,15.8,25.950000000000003,1.65,71.5
2019-09-19,22.4,15.1,29.8,1.4,59.0
2019-09-20,20.9,16.1,25.7,2.5,65.0
2019-09-21,19.0,15.8,22.1,1.4,74.0
2019-09-22,19.0,13.0,24.9,1.95,67.0
2019-09-23,19.0,13.0,24.9,1.95,67.0
2019-09-24,19.0,10.2,27.7,2.5,60.0
2019-09-25,19.0,12.8,25.3,1.4,57.0
2019-09-26,19.9,11.6,28.2,1.9,51.0
2019-09-27,20.4,11.7,29.2,1.7,48.0
2019-09-28,19.5,10.2,28.8,1.9,44.0
2019-09-29,20.1,9.9,30.3,2.2,44.0
2019-09-30,19.2,8.6,29.9,1.9,45.0
2019-10-01,19.0,9.9,28.2,1.7,48.0
2019-10-02,16.0,8.1,24.0,1.9,54.0
2019-10-03,16.2,6.7,25.7,0.3,54.0
2019-10-04,18.5,9.35,27.6,0.7000000000000001,52.5
2019-10-05,18.5,9.35,27.6,0.7000000000000001,52.5
2019-10-06,18.5,9.35,27.6,0.7000000000000001,52.5
2019-10-07,18.5,9.35,27.6,0.7000000000000001,52.5
2019-10-08,18.5,9.35,27.6,0.7000000000000001,52.5
2019-10-09,20.8,12.0,29.5,1.1,51.0
2019-10-10,19.8,11.7,27.8,1.4,57.0
2019-10-11,20.4,12.2,28.6,1.7,61.0
2019-10-12,21.9,16.3,27.5,1.7,53.0
2019-10-13,19.4,14.3,24.6,2.5,68.0
2019-10-14,14.2,8.1,20.3,5.6,63.0
2019-10-15,10.5,3.6,17.4,1.7,62.0
2019-10-16,11.7,4.1,19.3,1.9,63.0
2019-10-17,10.6,5.5,15.6,1.9,84.0
2019-10-18,17.2,13.8,20.7,2.8,79.0
2019-10-19,14.6,11.4,17.9,2.5,71.0
2019-10-20,9.4,5.1,13.7,3.1,82.0
2019-10-21,9.1,1.9,16.3,0.8,71.0
2019-10-22,8.7,5.7,11.700000000000003,3.3,82.0
2019-10-23,9.0,7.5,10.850000000000003,0.8,91.0
2019-10-24,12.2,7.0,17.3,1.7,72.0
2019-10-25,13.2,5.4,21.0,1.1,75.0
2019-10-26,14.5,6.2,22.8,1.4,71.0
2019-10-27,14.7,6.7,22.7,0.8,72.0
2019-10-28,16.2,10.7,21.8,1.4,69.0
2019-10-29,13.0,7.9,18.2,0.3,85.0
2019-10-30,12.8,7.4,18.2,0.8,83.0
2019-10-31,16.0,10.1,21.9,1.1,73.0
2019-11-01,16.8,13.1,20.5,3.1,84.0
2019-11-02,16.6,14.0,19.2,5.0,78.0
2019-11-03,15.5,13.0,18.0,6.4,60.0
2019-11-04,14.0,10.2,17.7,6.4,78.0
2019-11-05,10.3,5.4,15.2,4.2,74.0
2019-11-06,9.2,3.4,15.1,1.1,70.0
2019-11-07,9.6,5.5,13.8,4.2,66.0
2019-11-08,8.3,3.4,13.2,3.6,55.0
2019-11-09,6.9,1.4,12.4,1.9,75.0
2019-11-10,6.5,1.8,11.2,2.2,66.0
2019-11-11,6.8,0.5,13.0,1.9,77.0
2019-11-12,7.3,0.6,14.0,1.4,66.0
2019-11-13,11.8,6.4,17.1,3.3,65.0
2019-11-14,7.1,3.8,10.4,4.4,74.0
2019-11-15,6.0,2.3,9.8,3.1,64.0
2019-11-16,5.0,-1.0,11.1,1.7,62.0
2019-11-17,5.1,-2.2,8.3,3.6,88.0
2019-11-18,5.2,-0.5,11.0,2.8,70.0
2019-11-19,4.6,-4.2,10.3,1.4,73.0
2019-11-20,4.0,-1.2,9.3,1.1,84.0
2019-11-21,7.8,5.7,10.0,0.8,91.0
2019-11-22,9.9,7.1,12.7,5.6,90.0
2019-11-23,10.2,7.2,13.1,3.9,62.0
2019-11-24,8.4,3.6,13.2,1.7,68.0
2019-11-25,12.7,8.8,16.6,3.6,81.0
2019-11-26,11.1,8.1,14.1,2.8,88.0
2019-11-27,11.4,9.0,13.9,3.6,81.0
2019-11-28,9.8,7.7,12.0,3.3,87.0
2019-11-29,13.2,11.5,14.9,1.9,88.0
2019-11-30,10.9,7.0,14.8,4.2,83.0
2019-12-01,8.1,6.0,10.2,1.7,92.0
2019-12-02,7.7,3.6,11.8,5.3,70.0
2019-12-03,8.35,4.2,12.45,3.9,75.0
2019-12-04,9.0,4.8,13.1,4.7,79.0
2019-12-05,9.4,5.4,13.3,4.7,72.0
2019-12-06,9.1,3.6,14.6,0.8,77.0
2019-12-07,7.6,0.8,14.3,0.6,80.0
2019-12-08,3.4,0.3,8.900000000000002,0.6,93.0
2019-12-09,5.0,-0.4,10.5,1.1,89.0
2019-12-10,3.0,-1.3500000000000005,8.849999999999998,0.6,93.0
2019-12-11,4.2,-0.7,9.2,0.8,82.0
2019-12-12,5.4,0.3,10.5,6.1,85.0
2019-12-13,12.6,9.2,15.9,4.7,73.0
2019-12-14,9.4,6.0,12.8,1.7,81.0
2019-12-15,9.0,6.3,11.6,0.8,78.0
2019-12-16,11.8,8.4,15.1,6.7,68.5
2019-12-17,9.6,6.1,13.1,3.3,78.0
2019-12-18,6.2,3.6,10.349999999999998,1.1,79.0
2019-12-19,11.2,8.5,13.8,6.9,81.0
2019-12-20,10.7,11.5,14.1,6.4,85.0
2019-12-21,10.2,10.9,17.2,9.2,77.0
2019-12-22,9.7,6.7,12.7,5.6,83.0
2019-12-23,7.8,1.3,14.2,1.7,77.0
2019-12-24,8.5,2.3,14.7,0.8,82.0
2019-12-25,10.0,2.7,17.3,0.8,81.0
2019-12-26,9.4,2.2,16.7,1.1,80.0
2019-12-27,7.4,-0.1,14.8,1.7,75.0
2019-12-28,6.8,-3.1,16.8,0.3,65.0
2019-12-29,6.6,-2.2,15.4,0.8,64.0
2019-12-30,6.1,-2.3,14.5,0.8,76.0
2019-12-31,6.1,-2.3,14.5,0.8,76.5
2020-01-01,5.6,-2.4,13.6,0.8,77.0
2020-01-02,4.8,-3.3,12.9,0.6,77.0
2020-01-03,5.5,-2.4,10.099999999999998,1.1,88.0
2020-01-04,6.2,-0.3,12.6,3.6,75.0
2020-01-05,5.1,-2.5,12.7,1.1,76.0
2020-01-06,5.4,-3.4,14.3,0.3,72.0
2020-01-07,6.2,-2.5,14.8,0.8,67.0
2020-01-08,6.6,-3.1,16.4,0.6,61.0
2020-01-09,6.4,-1.4,14.3,1.1,73.0
2020-01-10,5.2,-1.4,11.8,2.5,63.0
2020-01-11,4.0,-4.4,12.4,0.6,64.0
2020-01-12,4.25,-5.1,11.1,0.6,66.0
2020-01-13,4.5,-5.7,9.7,1.1,74.0
2020-01-14,4.75,-5.3,9.6,1.1,77.0
2020-01-15,5.0,0.8,9.3,0.6,81.0
2020-01-16,9.2,4.2,14.2,1.4,76.0
2020-01-17,8.4,3.3,13.5,3.3,75.0
2020-01-18,5.8,2.3,9.2,1.7,89.0
2020-01-19,6.0,2.3,9.7,7.2,55.0
2020-01-20,4.4,1.8,7.1,9.7,54.0
2020-01-21,6.0,4.0,7.9,8.3,69.0
2020-01-22,7.0,2.7,11.4,3.9,69.0
2020-01-23,5.4,0.1,10.6,1.9,78.0
2020-01-24,7.2,4.4,10.1,1.9,82.0
2020-01-25,8.0,4.7,11.3,3.3,84.0
2020-01-26,6.8,1.5,12.0,1.4,82.0
2020-01-27,4.8,0.6,9.0,3.1,87.0
2020-01-28,10.9,8.6,13.2,4.7,87.0
2020-01-29,12.4,10.1,14.3,2.8,84.0
2020-01-30,10.2,8.3,12.2,3.1,86.0
2020-01-31,13.0,9.9,16.2,2.2,82.0
2020-02-01,12.3,9.799999999999999,18.8,2.2,82.0
2020-02-02,11.6,9.200000000000001,12.7,1.1,88.0
2020-02-03,11.9,5.1,18.7,1.4,77.0
2020-02-04,10.4,1.7,19.2,1.7,72.0
2020-02-05,7.4,-0.9,15.8,0.6,68.5
2020-02-06,6.0,-1.1,13.2,0.8,78.0
2020-02-07,7.5,1.0,14.0,1.1,77.0
2020-02-08,6.6,1.5,11.8,1.4,86.0
2020-02-09,8.9,5.4,12.4,1.4,84.0
2020-02-10,10.7,5.1,16.3,1.1,85.0
2020-02-11,8.0,4.3,11.6,0.6,89.0
2020-02-12,9.7,7.9,11.5,1.1,88.0
2020-02-13,9.4,4.0,14.8,1.4,83.0
2020-02-14,9.0,2.4,15.6,0.6,81.0
2020-02-15,8.8,0.3,17.2,1.9,75.0
2020-02-16,8.9,0.0,17.8,2.2,74.0
2020-02-17,8.2,2.3,14.0,1.1,84.0
2020-02-18,8.8,2.1,15.6,1.9,73.0
2020-02-19,8.0,-0.7,16.6,1.1,57.0
2020-02-20,8.7,-0.7,18.1,1.1,57.0
2020-02-21,10.6,0.4,20.7,0.8,47.0
2020-02-22,9.7,-2.5,21.9,0.8,50.0
2020-02-23,11.1,0.1,22.1,0.8,44.0
2020-02-24,10.4,-0.5,21.4,1.9,48.0
2020-02-25,9.6,0.4,18.7,2.5,57.0
2020-02-26,8.2,-0.3,16.8,0.8,54.0
2020-02-27,9.4,-0.9,19.7,3.1,54.0
2020-02-28,9.8,0.0,19.7,0.8,55.0
2020-02-29,9.3,3.0,15.6,6.7,66.0
2020-03-01,12.0,6.700000000000001,15.7,6.7,66.5
2020-03-02,9.0,5.5,12.6,9.4,51.0
2020-03-03,11.0,5.2,16.7,6.7,66.5
2020-03-04,14.4,9.0,19.7,3.9,63.0
2020-03-05,12.0,8.0,16.1,7.2,58.0
2020-03-06,9.0,5.3,12.6,4.2,48.0
2020-03-07,8.2,0.6,15.9,2.2,53.0
2020-03-08,7.2,-1.6,16.0,2.2,60.0
2020-03-09,9.0,0.3,17.6,3.1,56.0
2020-03-10,12.2,1.7,22.7,2.2,54.0
2020-03-11,15.0,4.0,23.3,1.4,56.0
2020-03-12,14.9,7.2,23.499999999999996,1.7,56.0
2020-03-13,14.799999999999999,8.6,24.9,2.5,56.0
2020-03-14,14.7,6.3,23.1,1.7,55.0
2020-03-15,14.1,6.0,22.2,2.5,58.0
2020-03-16,7.4,4.6,10.2,2.5,82.0
2020-03-17,11.4,5.2,17.7,3.6,75.0
2020-03-18,12.6,8.0,17.3,1.1,74.0
2020-03-19,13.0,7.7,18.4,1.4,66.0
2020-03-20,10.4,7.2,13.6,1.9,68.0
2020-03-21,9.0,7.0,11.0,1.7,81.0
2020-03-22,8.6,4.8,12.5,1.7,84.0
2020-03-23,11.4,7.2,15.6,2.5,72.0
2020-03-24,12.1,7.2,17.0,4.2,65.0
2020-03-25,10.6,3.7,17.4,2.2,67.0
2020-03-26,7.5,-0.3,15.3,3.9,50.0
2020-03-27,7.85,1.1,12.5,3.6,72.0
2020-03-28,8.2,-0.8,17.1,1.7,56.0
2020-03-29,10.2,0.3,20.0,1.7,55.0
2020-03-30,9.666666666666666,0.5,10.9,5.8,72.0
2020-03-31,9.133333333333333,0.6,11.9,3.9,89.0
2020-04-01,8.6,3.8,13.5,0.6,82.0
2020-04-02,8.1,0.7,15.5,3.9,72.0
2020-04-03,9.4,0.8,18.0,0.6,54.0
2020-04-04,10.6,2.5,18.8,4.4,58.0
2020-04-05,14.6,8.7,20.5,1.9,59.0
2020-04-06,15.3,11.7,18.9,2.5,75.0
2020-04-07,14.8,10.4,19.2,1.1,81.0
2020-04-08,15.6,9.2,22.1,1.4,71.0
2020-04-09,14.2,10.6,17.7,1.1,73.0
2020-04-10,12.8,10.3,15.3,2.2,85.0
2020-04-11,15.6,11.3,20.0,0.8,72.0
2020-04-12,15.2,9.9,20.4,2.2,55.5
2020-04-13,14.2,8.9,19.6,0.6,68.0
2020-04-14,13.0,7.8,18.3,1.7,83.0
2020-04-15,13.4,9.6,17.3,4.2,74.0
2020-04-16,15.7,11.2,20.2,4.2,77.0
2020-04-17,14.6,9.7,19.6,1.9,71.0
2020-04-18,14.7,8.2,21.2,1.7,66.0
2020-04-19,14.0,9.6,18.3,1.9,79.0
2020-04-20,12.0,5.3,18.8,2.8,75.0
2020-04-21,11.4,8.2,14.899999999999999,2.2,84.0
2020-04-22,14.2,9.2,19.3,1.4,68.0
2020-04-23,14.6,9.0,20.1,1.4,75.0
2020-04-24,16.8,10.3,23.2,1.7,66.0
2020-04-25,15.6,8.1,23.2,3.1,70.0
2020-04-26,14.8,9.1,20.5,2.8,71.0
2020-04-27,12.2,7.2,17.550000000000004,3.6,69.0
2020-04-28,13.9,5.9,21.9,2.5,70.0
2020-04-29,13.9,5.9,21.9,5.0,65.0
2020-04-30,13.9,5.9,21.9,3.9,56.0
2020-05-01,13.9,5.9,21.9,3.9,56.0
2020-05-02,13.9,5.9,21.9,3.9,56.0
2020-05-03,13.9,5.9,21.9,3.9,56.0
2020-05-04,13.9,5.9,21.9,3.9,56.0
2020-05-05,13.9,5.9,21.9,2.8,47.0
2020-05-06,15.6,4.6,26.6,1.1,45.0
2020-05-07,19.2,10.1,27.9,3.9,51.0
2020-05-08,19.8,10.2,27.9,2.2,50.0
2020-05-09,19.4,13.6,25.3,3.3,49.0
2020-05-10,15.6,10.5,20.8,4.2,57.0
2020-05-11,15.3,10.2,20.4,4.2,60.0
2020-05-12,14.0,9.8,18.1,1.9,83.0
2020-05-13,14.8,9.9,19.6,2.5,69.0
2020-05-14,12.6,10.0,15.1,2.8,73.5
2020-05-15,14.7,9.9,19.5,1.7,69.0
2020-05-16,15.6,10.8,20.5,4.4,65.0
2020-05-17,15.4,6.8,24.1,1.9,51.0
2020-05-18,17.8,7.6,28.1,2.8,47.0
2020-05-19,18.5,8.1,28.9,3.1,45.0
2020-05-20,21.0,10.3,31.7,1.9,39.0
2020-05-21,20.4,8.8,32.1,1.7,40.0
2020-05-22,22.4,11.7,33.1,2.2,44.0
2020-05-23,23.8,14.0,33.5,2.2,42.0
2020-05-24,23.2,14.1,32.2,2.2,46.0
2020-05-25,22.5,14.7,30.3,3.1,54.0
2020-05-26,20.4,13.6,27.3,2.5,62.0
2020-05-27,22.4,14.3,30.5,2.5,49.0
2020-05-28,21.0,12.2,29.7,1.4,38.0
2020-05-29,21.4,11.4,31.4,1.9,41.0
2020-05-30,23.8,14.3,33.2,2.2,38.0
2020-05-31,23.8,15.7,32.0,3.1,49.0
2020-06-01,21.6,13.9,29.3,0.8,56.0
2020-06-02,23.0,15.2,30.9,2.2,47.0
2020-06-03,20.6,11.9,29.4,4.4,53.0
2020-06-04,17.7,11.8,23.6,3.6,57.0
2020-06-05,18.5,8.5,28.5,1.4,46.0
2020-06-06,19.7,11.6,27.8,4.4,47.0
2020-06-07,18.4,11.5,25.2,3.6,57.0
2020-06-08,15.8,9.2,22.5,4.4,41.0
2020-06-09,15.2,6.8,23.5,2.5,42.0
2020-06-10,17.0,8.8,25.3,1.7,44.0
2020-06-11,17.4,9.9,24.8,5.0,45.0
2020-06-12,15.6,10.2,20.9,5.3,45.0
2020-06-13,17.0,10.0,24.0,3.1,49.0
2020-06-14,17.5,8.1,26.9,2.5,42.0
2020-06-15,19.9,11.5,28.3,3.6,44.0
2020-06-16,20.0,13.1,26.8,3.3,45.0
2020-06-17,19.7,12.5,26.9,2.5,39.0
2020-06-18,21.2,12.7,29.8,3.6,38.0
2020-06-19,22.1,13.3,30.9,3.1,40.0
2020-06-20,22.6,12.2,32.9,3.3,30.0
2020-06-21,24.2,13.6,34.7,1.9,30.0
2020-06-22,26.2,16.6,35.7,2.8,34.0
2020-06-23,27.3,17.0,37.6,1.9,31.0
2020-06-24,26.3,19.6,33.0,2.8,41.0
2020-06-25,26.6,17.7,35.6,2.8,39.0
2020-06-26,24.4,16.5,32.2,4.2,36.0
2020-06-27,23.3,13.3,33.3,2.5,36.0
2020-06-28,25.4,15.5,35.3,2.5,36.0
2020-06-29,27.0,16.8,37.3,3.1,32.0
2020-06-30,28.3,18.4,38.2,2.8,34.0
2020-07-01,26.3,16.5,36.1,3.6,35.0
2020-07-02,24.6,15.5,33.8,4.2,29.0
2020-07-03,24.0,15.2,32.8,2.8,36.0
2020-07-04,24.8,14.4,35.3,1.4,27.0
2020-07-05,27.0,16.7,37.3,1.9,26.0
2020-07-06,27.4,17.6,37.1,2.8,35.0
2020-07-07,28.8,18.7,39.0,3.1,25.0
2020-07-08,28.6,19.8,37.4,5.0,32.0
2020-07-09,26.0,18.3,33.8,4.4,42.0
2020-07-10,24.6,15.3,33.9,2.2,40.0
2020-07-11,27.8,18.6,37.1,4.2,38.0
2020-07-12,26.3,18.0,34.6,4.2,44.0
2020-07-13,25.6,16.2,35.0,3.6,41.0
2020-07-14,25.6,17.5,33.6,3.3,25.0
2020-07-15,24.4,15.3,33.4,2.8,31.0
2020-07-16,26.2,16.3,36.1,2.2,30.0
2020-07-17,27.1,18.5,35.7,3.6,25.0
2020-07-18,26.4,16.1,36.6,2.5,30.0
2020-07-19,26.9,15.7,38.1,3.3,29.0
2020-07-20,27.5,17.0,38.0,2.5,27.0
2020-07-21,28.1,18.9,37.3,2.5,32.0
2020-07-22,26.8,19.0,34.6,2.5,38.0
2020-07-23,27.0,17.1,36.9,1.7,35.0
2020-07-24,28.9,19.9,37.9,3.6,33.0
2020-07-25,28.4,18.9,37.8,3.6,30.0
2020-07-26,28.2,16.6,39.7,3.6,26.0
2020-07-27,28.566666666666666,20.5,41.2,3.1,28.0
2020-07-28,28.933333333333334,23.5,37.4,2.2,30.0
2020-07-29,29.3,18.9,39.7,2.2,34.0
2020-07-30,29.35,21.4,41.5,3.6,32.0
2020-07-31,29.4,19.3,39.4,3.3,30.0
2020-08-01,28.2,16.9,39.5,3.9,26.0
2020-08-02,27.9,18.5,37.3,3.6,36.0
2020-08-03,25.6,18.0,33.3,3.9,32.0
2020-08-04,24.8,16.1,33.6,2.5,36.0
2020-08-05,26.6,15.9,37.2,2.5,32.0
2020-08-06,30.0,20.7,39.4,2.5,34.0
2020-08-07,30.2,20.9,39.6,2.2,33.0
2020-08-08,29.4,21.2,37.7,2.8,32.0
2020-08-09,29.7,20.0,39.4,3.9,31.0
2020-08-10,28.3,22.9,33.5,3.1,33.0
2020-08-11,21.8,15.7,27.9,2.2,43.0
2020-08-12,21.0,13.1,28.8,3.3,43.0
2020-08-13,22.6,14.0,31.1,2.2,43.0
2020-08-14,24.8,15.6,33.9,2.8,39.0
2020-08-15,23.2,15.2,31.1,4.2,31.0
2020-08-16,20.4,11.3,29.4,3.1,39.0
2020-08-17,20.6,11.5,29.8,3.3,42.0
2020-08-18,23.7,15.6,31.8,2.5,45.0
2020-08-19,24.5,14.8,34.2,2.5,41.0
2020-08-20,24.4,12.7,36.0,4.2,28.0
2020-08-21,24.4,15.4,33.5,4.2,38.0
2020-08-22,26.1,17.8,34.4,3.3,35.0
2020-08-23,25.6,16.6,34.7,1.9,34.0
2020-08-24,26.0,17.3,34.6,2.2,37.0
2020-08-25,27.2,17.3,37.1,2.5,33.0
2020-08-26,27.0,15.9,38.1,2.8,29.0
2020-08-27,26.9,15.7,38.1,2.2,32.0
2020-08-28,25.8,17.6,33.9,3.9,32.0
2020-08-29,18.8,13.5,26.650000000000006,4.4,38.0
2020-08-30,15.4,9.250000000000002,26.650000000000006,2.5,42.0
2020-08-31,17.4,8.800000000000004,27.700000000000003,2.2,40.0
2020-09-01,19.8,11.9,27.700000000000003,1.7,29.0
2020-09-02,21.5,12.5,30.5,1.9,34.0
2020-09-03,21.7,10.8,32.6,1.9,32.0
2020-09-04,24.1,14.0,34.2,1.9,36.0
2020-09-05,23.8,13.1,34.4,1.9,37.0
2020-09-06,24.0,13.7,34.3,2.2,37.0
2020-09-07,20.4,13.2,27.5,5.6,35.0
2020-09-08,19.4,10.4,28.5,2.5,39.0
2020-09-09,19.6,9.1,30.1,1.4,40.0
2020-09-10,23.1,15.0,31.2,2.2,38.0
2020-09-11,23.9,14.5,33.3,2.2,35.0
2020-09-12,24.0,14.1,34.0,1.9,37.0
2020-09-13,25.0,15.5,34.4,3.1,36.0
2020-09-14,24.5,16.6,32.4,2.8,39.0
2020-09-15,24.2,18.0,30.4,2.5,49.0
2020-09-16,24.2,15.7,32.6,1.9,45.0
2020-09-17,22.9,15.925,27.7,1.4,68.0
2020-09-18,19.4,13.375000000000007,23.7,3.6,71.0
2020-09-19,17.0,12.275,19.2,3.9,76.0
2020-09-20,14.75,10.25,19.25,3.1,80.0
2020-09-21,14.75,10.25,19.25,4.05,66.0
2020-09-22,14.75,10.25,19.25,4.05,66.0
2020-09-23,14.75,10.25,19.25,4.05,66.0
2020-09-24,14.75,10.25,19.25,4.05,66.0
2020-09-25,14.75,10.25,19.25,4.05,66.0
2020-09-26,14.75,10.25,19.25,4.05,66.0
2020-09-27,14.75,10.25,19.25,4.05,66.0
2020-09-28,14.75,10.25,19.25,4.05,66.0
2020-09-29,14.75,10.25,19.25,4.05,66.0
2020-09-30,14.75,10.25,19.25,4.05,66.0
2020-10-01,14.75,10.25,19.25,4.05,66.0
2020-10-02,14.75,10.25,19.25,4.05,66.0
2020-10-03,14.75,10.25,19.25,4.05,66.0
2020-10-04,12.5,9.2,19.3,5.0,57.0
2020-10-05,12.3,9.25,19.85,1.4,57.0
2020-10-06,15.8,7.874999999999994,21.050000000000004,0.8,63.0
2020-10-07,17.7,8.1,22.25,0.6,62.0
2020-10-08,18.6,10.2,23.75,1.4,59.0
2020-10-09,18.8,9.6,27.8,1.9,57.0
2020-10-10,17.9,10.9,24.9,3.9,57.0
2020-10-11,12.7,5.8,19.6,3.6,57.0
2020-10-12,11.2,3.1499999999999995,20.4,3.1,57.0
2020-10-13,13.6,4.200000000000003,23.8,0.8,57.0
2020-10-14,11.8,6.2,17.4,2.2,57.0
2020-10-15,10.5,5.550000000000001,15.4,1.65,69.0
2020-10-16,10.5,5.550000000000001,15.4,1.65,69.0
2020-10-17,10.5,5.550000000000001,15.4,1.65,69.0
2020-10-18,10.5,5.550000000000001,15.4,1.65,69.0
2020-10-19,10.5,5.550000000000001,15.4,1.65,69.0
2020-10-20,10.5,5.550000000000001,15.4,1.65,69.0
2020-10-21,10.5,5.550000000000001,15.4,1.65,69.0
2020-10-22,10.5,5.550000000000001,15.4,1.65,69.0
2020-10-23,10.5,5.550000000000001,15.4,1.65,69.0
2020-10-24,10.5,5.550000000000001,15.4,1.65,69.0
2020-10-25,10.5,5.550000000000001,15.4,1.65,69.0
2020-10-26,10.5,5.550000000000001,15.4,1.65,69.0
2020-10-27,10.5,5.550000000000001,15.4,1.65,69.0
2020-10-28,9.2,4.9,14.899999999999999,1.1,84.0
2020-10-29,11.2,4.8,16.1,1.1,76.0
2020-10-30,12.5,4.5,16.1,0.8,77.0
2020-10-31,14.1,5.5,16.55,1.1,73.0
2020-11-01,14.1,6.7,16.800000000000004,1.4,75.0
2020-11-02,13.8,6.3,17.200000000000003,1.7,75.0
2020-11-03,12.7,7.549999999999998,15.6,2.2,87.0
2020-11-04,9.8,7.3,13.000000000000004,4.4,80.0
2020-11-05,11.8,7.775,15.6,5.0,81.0
2020-11-06,15.2,8.150000000000002,19.199999999999996,6.4,69.0
2020-11-07,11.6,7.4,15.8,3.1,83.0
2020-11-08,11.0,6.2,15.9,0.8,82.0
2020-11-09,12.0,7.0,16.9,0.3,87.0
2020-11-10,11.8,5.2,18.3,0.8,77.0
2020-11-11,10.4,3.6,17.3,1.4,80.0
2020-11-12,11.2,6.3,16.1,0.8,82.0
2020-11-13,11.4,5.9,17.0,0.8,80.0
2020-11-14,10.8,8.1,13.4,0.6,92.0
2020-11-15,13.8,11.4,16.3,2.8,90.0
2020-11-16,14.2,9.0,19.5,0.6,79.0
2020-11-17,12.2,5.8,18.5,1.1,83.0
2020-11-18,10.2,5.5,15.0,1.4,92.0
2020-11-19,12.6,3.7,21.0,2.2,73.0
2020-11-20,10.1,3.1,17.1,3.1,59.0
2020-11-21,8.6,0.7,16.4,1.4,57.0
2020-11-22,7.8,-0.3,15.9,0.8,72.0
2020-11-23,8.0,-0.7,16.7,0.6,70.0
2020-11-24,6.2,-1.6,14.0,0.6,77.0
2020-11-25,7.6,1.5,13.6,0.8,77.0
2020-11-26,11.7,9.0,14.4,3.1,70.0
2020-11-27,8.0,3.8,12.2,2.5,84.0
2020-11-28,7.2,3.8,10.7,1.7,89.0
2020-11-29,7.5,3.3,11.7,0.6,88.0
2020-11-30,8.4,2.7,14.0,1.7,84.0
2020-12-01,8.3,0.3,16.3,1.1,70.0
2020-12-02,4.4,-2.0,10.7,2.5,62.0
2020-12-03,2.8,-3.7,9.2,3.1,67.0
2020-12-04,5.0,1.3,8.8,3.6,66.0
2020-12-05,2.8,-2.7,8.3,3.3,68.0
2020-12-06,4.0,-1.5,9.5,2.8,70.0
2020-12-07,8.8,5.6,12.0,6.9,77.0
2020-12-08,5.6,0.7,10.5,3.9,59.0
2020-12-09,4.2,-2.0,10.5,1.9,69.0
2020-12-10,10.4,5.3,15.4,3.1,82.0
2020-12-11,9.45,9.799999999999999,16.5,6.1,85.0
2020-12-12,8.5,1.6,15.4,1.7,66.0
2020-12-13,7.5,0.7,14.3,1.1,82.0
2020-12-14,11.2,8.3,14.1,1.7,85.0
2020-12-15,8.2,4.6,11.9,2.5,80.0
2020-12-16,8.7,5.3,12.1,2.5,75.0
2020-12-17,9.4,3.3,14.85,0.6,79.0
2020-12-18,6.6,3.0,10.2,0.6,89.0
2020-12-19,8.2,7.1,9.2,0.8,92.0
2020-12-20,7.6,2.6,12.5,0.6,91.0
2020-12-21,6.1,2.8,9.4,0.3,93.0
2020-12-22,8.7,5.6,11.8,1.1,91.0
2020-12-23,7.2,5.1,9.3,0.3,95.0
2020-12-24,6.4,1.7,11.0,2.2,83.0
2020-12-25,2.8,-3.2,8.7,3.3,66.0
2020-12-26,2.3,-5.2,9.8,1.1,68.0
2020-12-27,0.8,-5.4,6.9,3.6,74.0
2020-12-28,6.2,3.0,9.3,4.2,61.0
2020-12-29,4.0,-1.1,9.1,3.6,72.0
2020-12-30,2.1,-5.0,9.2,0.8,70.0
2020-12-31,1.2,-5.7,8.1,3.3,82.0
2021-01-01,3.6,-0.8,8.1,2.2,73.0
2021-01-02,0.5,-3.9,4.9,3.6,70.0
2021-01-03,1.5,-5.4,8.4,1.1,66.0
2021-01-04,1.0,-5.2,7.3,0.8,70.0
2021-01-05,0.3,-6.8,7.4,0.8,71.0
2021-01-06,0.7,-5.6,7.0,1.1,69.0
2021-01-07,0.39999999999999997,-4.7,3.450000000000003,1.1,88.0
2021-01-08,0.09999999999999998,-4.4,3.450000000000003,2.8,90.0
2021-01-09,-0.2,-1.5,3.450000000000003,1.4,90.0
2021-01-10,0.2,-3.6,4.1,1.1,85.0
2021-01-11,0.21250000000000002,-12.7,3.4,0.6,75.0
2021-01-12,0.225,-14.3,3.4999999999999982,0.3,74.0
2021-01-13,0.2375,-13.8,3.9,0.6,74.0
2021-01-14,0.25,-12.4,6.3,0.6,73.0
2021-01-15,0.2625,-11.3,7.9,0.3,79.0
2021-01-16,0.275,-12.0,7.7,0.3,73.0
2021-01-17,0.2875,-11.1,8.4,0.8,67.0
2021-01-18,0.3,-8.7,9.3,0.8,80.0
2021-01-19,0.2,-7.8,8.2,0.6,80.0
2021-01-20,1.2,-4.5,7.0,3.1,88.0
2021-01-21,7.8,5.3,10.2,5.0,91.0
2021-01-22,7.8,4.9,10.8,6.1,73.0
2021-01-23,7.4,4.0,10.8,6.4,89.0
2021-01-24,10.0,7.4,12.7,4.4,63.0
2021-01-25,10.7,7.6,13.8,6.4,89.0
2021-01-26,10.8,6.2,15.4,1.7,90.0
2021-01-27,13.4,7.7,19.1,1.1,82.0
2021-01-28,10.2,7.7,12.7,1.1,93.0
2021-01-29,10.4,8.6,12.3,1.4,86.0
2021-01-30,10.8,8.0,13.7,5.0,69.0
2021-01-31,10.4,7.6,13.2,5.0,80.0
2021-02-01,12.8,8.1,17.4,3.9,68.0
2021-02-02,10.2,7.3,13.0,3.3,84.0
2021-02-03,10.6,8.1,13.0,1.9,86.0
2021-02-04,11.8,8.5,15.2,1.1,78.0
2021-02-05,12.2,6.5,18.0,2.2,68.0
2021-02-06,10.4,7.3,13.6,1.7,82.0
2021-02-07,8.4,4.8,12.1,2.2,78.0
2021-02-08,8.2,6.3,10.2,3.6,88.0
2021-02-09,8.2,6.1,10.3,5.0,90.0
2021-02-10,10.2,5.3,15.1,3.9,68.0
2021-02-11,9.0,4.9,13.2,1.7,91.0
2021-02-12,10.2,5.2,15.3,3.1,71.0
2021-02-13,8.9,1.5,16.3,1.1,69.0
2021-02-14,8.7,0.6,16.8,0.8,73.0
2021-02-15,9.0,2.7,15.4,1.1,78.0
2021-02-16,8.2,1.1,15.4,1.4,74.0
2021-02-17,10.0,2.4,17.5,1.7,72.0
2021-02-18,9.2,1.8,16.7,2.2,67.0
2021-02-19,10.2,1.6,18.8,1.9,59.0
2021-02-20,12.4,5.4,19.4,2.8,59.0
2021-02-21,9.4,6.4,12.3,3.1,70.0
2021-02-22,8.2,5.2,11.300000000000002,1.7,70.0
2021-02-23,8.3,1.1,15.5,1.9,73.0
2021-02-24,9.0,1.8,16.2,2.2,75.0
2021-02-25,8.5,2.9,14.1,1.4,78.0
2021-02-26,10.1,2.7,17.5,1.7,68.0
2021-02-27,11.4,2.3,19.700000000000003,1.1,65.0
2021-02-28,7.6,0.5,14.8,4.2,69.0
2021-03-01,7.1,3.5,12.15,1.7,78.0
2021-03-02,9.9,5.7,14.1,0.8,69.0
2021-03-03,10.0,5.5,14.6,0.6,76.0
2021-03-04,8.0,2.0,14.0,0.3,83.0
2021-03-05,10.2,4.3,16.2,1.7,74.0
2021-03-06,12.0,6.8,16.6,1.1,62.0
2021-03-07,10.8,5.9,15.7,1.4,72.0
2021-03-08,9.8,6.3,13.3,1.1,75.0
2021-03-09,8.5,2.6,14.4,1.9,55.0
2021-03-10,9.5,-2.45,16.2,1.4,59.0
2021-03-11,10.5,2.0,19.0,2.5,67.0
2021-03-12,8.6,0.9,16.4,2.5,58.0
2021-03-13,7.9,-1.3,17.1,3.1,57.0
2021-03-14,8.0,-0.5,16.5,2.8,60.0
2021-03-15,10.9,2.1,19.7,3.9,49.0
2021-03-16,10.6,2.3,19.0,4.2,53.0
2021-03-17,12.6,5.7,19.6,5.8,49.0
2021-03-18,12.0,2.2,12.3,4.4,51.0
2021-03-19,11.4,1.0,12.8,2.5,72.0
2021-03-20,10.8,0.7,11.9,6.1,42.0
2021-03-21,10.2,-4.2,16.2,3.6,50.0
2021-03-22,9.6,-3.2,17.6,2.8,51.0
2021-03-23,9.0,-1.9,19.9,0.8,46.0
2021-03-24,10.6,-0.3,21.6,1.9,44.0
2021-03-25,11.0,0.3,21.6,3.1,50.0
2021-03-26,11.8,3.4,20.1,2.5,53.0
2021-03-27,11.5,4.4,18.6,2.2,57.0
2021-03-28,13.1,3.5,22.7,1.9,49.0
2021-03-29,15.0,5.7,24.4,4.7,42.0
2021-03-30,15.0,7.1,22.8,3.3,41.0
2021-03-31,14.6,4.1,25.1,2.8,41.0
2021-04-01,14.0,6.6,24.9,3.9,39.0
2021-04-02,13.4,7.9,18.8,3.1,77.0
2021-04-03,13.4,5.2,21.5,1.4,71.0
2021-04-04,11.4,1.7,21.1,2.2,53.0
2021-04-05,13.2,3.7,22.8,1.7,47.0
2021-04-06,13.5,2.7,24.3,3.1,40.0
2021-04-07,12.8,3.7,21.8,2.2,37.0
2021-04-08,14.1,8.2,20.0,1.1,62.0
2021-04-09,10.6,8.1,13.1,1.7,77.0
2021-04-10,12.4,6.1,18.7,1.7,73.0
2021-04-11,11.6,6.3,16.8,3.1,79.0
2021-04-12,10.2,2.5,17.8,2.5,47.0
2021-04-13,10.1,5.8,14.4,2.5,72.0
2021-04-14,15.5,10.0,21.0,2.5,67.0
2021-04-15,13.6,10.2,17.0,1.4,67.0
2021-04-16,10.8,4.5,17.1,2.8,48.0
2021-04-17,9.2,0.9,17.4,2.8,47.0
2021-04-18,10.0,0.9,19.2,1.4,50.0
2021-04-19,12.6,3.2,21.9,2.5,49.0
2021-04-20,13.4,7.4,19.3,1.7,69.0
2021-04-21,13.3,7.7,18.9,1.7,76.0
2021-04-22,14.3,10.0,18.6,1.4,80.0
2021-04-23,13.4,9.7,17.1,2.8,67.0
2021-04-24,12.0,6.1,17.8,1.7,72.0
2021-04-25,12.0,9.9,14.0,1.4,84.0
2021-04-26,14.1,8.9,19.3,1.7,79.0
2021-04-27,14.2,7.1,21.3,1.7,83.0
2021-04-28,13.7,8.6,18.8,2.2,80.0
2021-04-29,12.9,8.0,17.8,3.6,72.0
2021-04-30,11.0,4.8,17.2,1.7,63.0
2021-05-01,10.4,3.9,16.9,1.4,71.0
2021-05-02,12.9,6.9,18.9,1.1,57.0
2021-05-03,12.8,6.6,18.9,2.2,69.0
2021-05-04,13.6,5.2,22.0,1.7,59.0
2021-05-05,15.7,6.6,24.8,2.2,53.0
2021-05-06,16.6,7.0,26.3,3.3,53.0
2021-05-07,17.5,7.6,27.4,1.7,50.0
2021-05-08,18.6,8.4,28.7,3.1,49.0
2021-05-09,15.2,9.6,20.8,5.8,66.0
2021-05-10,11.2,4.7,17.6,5.0,61.0
2021-05-11,12.4,6.7,18.1,4.2,46.0
2021-05-12,15.1,9.2,21.0,5.0,56.0
2021-05-13,12.2,4.0,20.3,4.7,61.0
2021-05-14,14.5,5.2,23.8,1.9,50.0
2021-05-15,17.4,8.3,26.6,3.1,57.0
2021-05-16,18.9,11.2,26.6,4.2,58.0
2021-05-17,18.4,9.7,27.1,2.2,45.0
2021-05-18,18.0,7.9,28.1,3.6,47.0
2021-05-19,17.6,9.7,25.6,2.5,44.0
2021-05-20,18.5,7.8,29.2,1.7,45.0
2021-05-21,21.4,12.7,30.1,3.3,42.0
2021-05-22,17.8,11.5,24.1,2.8,41.0
2021-05-23,15.0,9.4,20.7,4.2,67.0
2021-05-24,13.8,4.7,22.8,3.1,58.0
2021-05-25,18.2,8.6,27.7,3.1,46.0
2021-05-26,19.4,10.4,28.3,1.7,50.0
2021-05-27,19.9,11.1,28.7,1.7,51.0
2021-05-28,21.4,14.2,28.7,2.8,60.0
2021-05-29,21.6,11.9,31.2,1.7,47.0
2021-05-30,24.5,15.9,33.1,2.5,43.0
2021-05-31,24.6,16.2,33.0,4.4,48.0
2021-06-01,19.6,12.7,26.5,2.8,59.0
2021-06-02,18.8,9.6,28.0,1.7,52.0
2021-06-03,21.5,12.9,30.1,3.3,46.0
2021-06-04,23.1,16.3,29.9,2.8,40.0
2021-06-05,19.4,14.3,24.4,2.8,65.5
2021-06-06,20.5,10.6,30.4,1.9,50.0
2021-06-07,23.4,13.7,33.0,2.8,37.0
2021-06-08,24.9,14.6,35.2,2.8,34.0
2021-06-09,24.8,14.0,35.7,3.3,31.0
2021-06-10,25.0,14.5,35.4,3.6,34.0
2021-06-11,25.3,15.9,34.7,3.9,44.0
2021-06-12,23.2,13.6,32.9,3.3,46.0
2021-06-13,25.6,16.5,34.6,3.6,39.0
2021-06-14,25.4,16.2,34.7,2.5,36.0
2021-06-15,25.2,15.6,34.7,3.1,44.0
2021-06-16,24.2,15.6,32.7,4.2,38.0
2021-06-17,19.0,14.9,23.0,1.7,64.5
2021-06-18,20.9,13.6,28.2,2.5,60.0
2021-06-19,19.6,13.6,25.89999999999999,1.9,54.0
2021-06-20,17.2,14.1,26.299999999999994,5.0,57.5
2021-06-21,18.2,12.9,26.999999999999993,4.4,50.0
2021-06-22,17.0,11.4,26.999999999999993,2.2,54.0
2021-06-23,19.2,13.8,26.299999999999994,3.9,49.0
2021-06-24,20.2,11.0,29.4,2.2,43.0
2021-06-25,22.7,13.1,32.3,2.8,41.0
2021-06-26,24.6,15.8,33.3,4.2,40.0
2021-06-27,24.0,17.7,30.4,5.6,29.0
2021-06-28,20.2,11.5,29.0,3.9,32.0
2021-06-29,21.0,11.3,30.8,2.5,37.0
2021-06-30,23.7,13.8,33.6,3.1,37.0
2021-07-01,23.8,13.8,33.9,3.6,31.0
2021-07-02,23.0,11.4,34.6,3.6,29.0
2021-07-03,23.2,13.2,33.2,3.9,34.0
2021-07-04,25.0,17.1,32.8,3.3,36.0
2021-07-05,24.6,14.7,34.6,5.0,39.0
2021-07-06,18.2,13.7,22.8,1.7,47.5
2021-07-07,18.2,8.7,27.8,2.5,47.0
2021-07-08,21.6,12.3,30.8,2.5,36.0
2021-07-09,24.1,13.7,34.5,2.8,39.0
2021-07-10,26.8,16.2,37.5,2.8,35.0
2021-07-11,24.8,18.8,40.2,4.4,28.0
2021-07-12,22.8,16.7,28.9,5.6,30.0
2021-07-13,20.2,11.7,28.7,3.9,33.0
2021-07-14,20.6,11.8,29.5,2.8,36.0
2021-07-15,23.2,13.5,33.0,2.8,35.0
2021-07-16,25.7,14.9,36.5,2.5,34.0
2021-07-17,27.6,16.5,38.8,2.8,29.0
2021-07-18,27.1,17.7,36.5,3.6,27.0
2021-07-19,27.2,16.9,37.5,2.8,32.0
2021-07-20,27.0,17.2,36.9,2.8,33.0
2021-07-21,27.8,17.5,38.2,2.2,33.0
2021-07-22,28.6,18.8,38.5,3.6,29.0
2021-07-23,26.4,17.9,34.8,5.0,28.0
2021-07-24,22.4,11.7,33.1,3.1,29.0
2021-07-25,22.4,12.2,32.6,2.8,30.0
2021-07-26,23.0,14.8,31.1,1.9,47.0
2021-07-27,25.5,16.9,34.1,2.8,43.0
2021-07-28,27.2,17.7,36.6,3.3,39.0
2021-07-29,27.8,19.1,36.6,3.3,39.0
2021-07-30,25.8,16.1,35.6,2.8,32.0
2021-07-31,21.0,13.4,28.7,3.6,49.0
2021-08-01,19.6,12.699999999999996,28.1,2.2,46.0
2021-08-02,22.0,13.049999999999999,31.0,1.9,42.0
2021-08-03,23.5,14.3,32.7,3.3,43.0
2021-08-04,25.3,18.0,32.6,2.5,38.0
2021-08-05,25.0,14.0,36.0,3.3,34.0
2021-08-06,24.0,14.0,34.1,4.4,29.0
2021-08-07,23.3,15.6,31.0,3.1,32.0
2021-08-08,22.4,12.9,31.8,2.8,36.0
2021-08-09,26.6,17.9,35.2,2.5,41.0
2021-08-10,27.6,18.2,37.1,1.9,43.0
2021-08-11,28.1,18.25,37.95,3.6,37.0
2021-08-12,28.6,18.3,38.8,2.8,37.0
2021-08-13,28.200000000000003,18.5,41.550000000000004,3.1,28.0
2021-08-14,27.8,20.8,41.65,2.5,30.0
2021-08-15,27.4,19.3,41.599999999999994,5.0,27.0
2021-08-16,27.0,17.3,36.8,3.3,31.0
2021-08-17,24.4,14.6,34.1,2.8,32.0
2021-08-18,25.4,15.6,35.3,2.5,36.0
2021-08-19,25.4,15.9,34.8,3.6,34.0
2021-08-20,25.8,16.5,35.2,2.8,39.0
2021-08-21,25.3,14.6,36.0,2.5,29.0
2021-08-22,26.0,14.5,37.6,2.2,29.0
2021-08-23,25.8,20.5,39.1,3.6,35.0
2021-08-24,25.6,16.6,34.7,2.8,46.0
2021-08-25,24.6,17.1,32.0,2.5,50.0
2021-08-26,26.2,17.8,34.5,1.4,46.0
2021-08-27,26.8,17.9,35.7,2.5,34.0
2021-08-28,24.2,13.8,34.5,2.2,36.0
2021-08-29,24.0,14.7,33.3,2.8,36.0
2021-08-30,24.6,17.6,31.7,3.1,37.0
2021-08-31,25.0,16.3,33.7,1.7,45.0
2021-09-01,20.6,15.5,25.849999999999994,2.8,76.0
2021-09-02,20.6,14.3,26.8,1.9,69.0
2021-09-03,21.8,14.2,29.3,1.7,63.0
2021-09-04,22.8,14.7,30.9,2.5,50.0
2021-09-05,24.6,15.6,33.6,1.9,47.0
2021-09-06,25.4,17.6,33.3,3.3,49.0
2021-09-07,25.2,17.9,32.5,1.9,38.0
2021-09-08,22.1,15.9,28.3,3.1,52.0
2021-09-09,21.6,15.4,27.7,2.2,56.0
2021-09-10,21.6,14.7,28.5,1.9,55.0
2021-09-11,20.4,12.7,28.1,1.9,53.0
2021-09-12,22.7,13.7,31.7,1.9,46.0
2021-09-13,23.2,17.8,28.5,1.1,60.0
2021-09-14,18.0,15.9,21.4,2.2,82.0
2021-09-15,19.8,14.6,24.9,1.7,71.0
2021-09-16,20.4,13.9,26.8,1.7,66.0
2021-09-17,20.2,13.1,27.4,1.7,62.0
2021-09-18,19.2,11.9,26.5,3.1,57.0
2021-09-19,17.8,9.5,26.2,1.7,54.0
2021-09-20,17.9,11.2,24.6,3.1,56.0
2021-09-21,15.6,7.8,23.3,4.2,51.0
2021-09-22,17.8,11.5,24.0,1.7,69.0
2021-09-23,19.5,12.6,26.4,2.2,65.0
2021-09-24,20.6,15.7,25.4,2.8,79.0
2021-09-25,18.0,13.5,22.5,3.1,69.0
2021-09-26,17.2,9.9,24.6,1.7,68.0
2021-09-27,18.1,9.7,26.5,0.8,65.0
2021-09-28,18.2,10.4,26.1,1.9,59.0
2021-09-29,17.4,9.2,25.5,1.9,56.0
2021-09-30,18.5,11.4,25.6,0.8,62.0
2021-10-01,18.2,11.2,25.2,1.1,63.0
2021-10-02,17.8,9.1,26.5,2.2,57.0
2021-10-03,13.0,6.9,22.14999999999999,3.1,76.0
2021-10-04,12.4,5.1,22.299999999999997,0.8,68.0
2021-10-05,14.0,5.6,22.3,0.8,70.0
2021-10-06,16.9,9.4,24.4,1.4,64.0
2021-10-07,16.0,5.4,26.7,0.8,55.0
2021-10-08,17.0,6.3,27.6,1.4,55.0
2021-10-09,16.5,7.2,25.8,1.1,56.0
2021-10-10,16.2,8.1,24.2,0.6,64.0
2021-10-11,16.5,7.8,25.2,0.8,65.0
2021-10-12,16.1,7.1,25.1,0.8,62.0
2021-10-13,15.4,5.1,25.7,1.9,49.0
2021-10-14,14.8,4.9,24.6,1.4,56.0
2021-10-15,16.3,8.0,24.6,1.4,59.0
2021-10-16,13.4,5.5,21.4,1.1,61.0
2021-10-17,18.2,12.6,23.7,0.8,70.0
2021-10-18,17.0,8.7,25.2,1.1,65.0
2021-10-19,18.1,9.8,26.4,1.7,63.0
2021-10-20,17.2,9.6,24.9,3.1,63.0
2021-10-21,16.0,8.8,23.3,1.4,62.0
2021-10-22,14.3,8.0,20.6,4.4,50.0
2021-10-23,12.2,3.5,20.8,0.8,58.0
2021-10-24,11.7,1.9,21.5,1.4,53.0
2021-10-25,12.3,2.7,21.9,1.4,54.0
2021-10-26,14.2,6.0,22.3,1.4,53.0
2021-10-27,12.9,4.0,21.8,1.4,61.0
2021-10-28,12.8,4.6,21.1,1.4,54.0
2021-10-29,13.6,10.8,16.3,1.9,78.0
2021-10-30,16.6,13.9,19.3,3.6,80.0
2021-10-31,17.3,14.1,20.5,4.7,78.0
2021-11-01,14.2,10.1,18.3,3.6,67.0
2021-11-02,9.6,4.8,14.5,2.8,77.0
2021-11-03,8.7,4.2,13.2,1.9,67.0
2021-11-04,7.0,1.1,13.0,2.5,69.0
2021-11-05,6.0,-0.9,12.8,2.2,69.0
2021-11-06,7.1,-0.2,14.4,2.5,61.0
2021-11-07,7.0,-1.5,15.6,0.6,66.0
2021-11-08,9.6,-0.1,19.2,2.2,54.0
2021-11-09,8.7,-0.4,17.8,3.1,53.5
2021-11-10,9.0,0.7,17.2,0.8,64.0
2021-11-11,8.4,-0.7,17.5,1.1,70.0
2021-11-12,11.6,2.4,20.8,0.8,65.0
2021-11-13,9.6,1.0,18.2,1.4,65.0
2021-11-14,9.1,0.0,18.2,0.6,69.0
2021-11-15,7.9,0.1,15.7,2.2,65.0
2021-11-16,6.6,-1.7,14.9,1.7,67.0
2021-11-17,8.4,1.2,15.6,3.3,64.0
2021-11-18,8.1,1.2,15.0,0.8,70.0
2021-11-19,10.8,3.35,17.8,3.3,64.0
2021-11-20,7.8,3.5,12.2,1.9,78.0
2021-11-21,9.3,3.5999999999999996,14.9,1.4,77.0
2021-11-22,6.6,3.5999999999999996,8.9,2.5,78.0
2021-11-23,4.5,2.5,6.5,1.4,80.0
2021-11-24,4.4,0.0,8.7,1.4,80.0
2021-11-25,6.5,1.8,11.2,1.4,74.0
2021-11-26,4.5,-1.2,10.2,2.8,70.0
2021-11-27,4.6,-0.5,9.6,3.3,65.0
2021-11-28,4.2,-1.0,9.3,3.9,56.0
2021-11-29,9.2,2.5,15.8,2.5,63.0
2021-11-30,6.6,-0.7,14.0,1.1,71.0
2021-12-01,4.0,-2.6,10.6,2.2,82.0
2021-12-02,5.2,0.5,10.0,3.3,64.0
2021-12-03,5.8,-2.5,14.0,1.1,68.0
2021-12-04,5.5,-2.2,13.2,2.5,81.0
2021-12-05,6.2,-0.3,12.7,3.6,62.0
2021-12-06,6.5,-1.6,14.6,2.2,68.0
2021-12-07,5.8,0.2,11.3,2.2,90.0
2021-12-08,5.5,1.0,10.0,5.0,67.0
2021-12-09,7.7,2.7,12.7,4.2,72.0
2021-12-10,11.6,5.1000000000000005,17.5,4.2,66.0
2021-12-11,11.4,5.2,17.6,2.5,65.0
2021-12-12,7.9,0.3,15.5,1.1,79.0
2021-12-13,8.0,-0.2,16.2,0.8,77.0
2021-12-14,9.8,0.8,18.7,1.4,70.0
2021-12-15,9.5,-0.1,19.1,1.7,60.0
2021-12-16,5.7,-3.0,14.4,0.6,69.0
2021-12-17,5.4,-3.8,14.7,0.6,66.0
2021-12-18,4.2,-2.6,11.1,1.9,74.0
2021-12-19,6.0,0.1,11.8,1.4,77.0
2021-12-20,4.5,-1.2,10.2,0.8,85.0
2021-12-21,9.0,4.8,13.3,0.8,86.0
2021-12-22,9.8,4.3,15.4,1.9,82.0
2021-12-23,7.8,2.4,13.1,0.8,87.0
2021-12-24,8.75,6.9,12.1,1.4,94.0
2021-12-25,9.7,8.4,11.0,1.1,92.0
2021-12-26,10.1,8.4,11.8,2.5,94.0
2021-12-27,10.25,6.85,15.3,5.6,81.0
2021-12-28,10.4,5.4,15.5,2.5,82.0
2021-12-29,8.4,2.5,14.4,1.4,84.0
2021-12-30,9.7,1.5,17.9,1.7,84.0
2021-12-31,9.4,0.4,18.4,0.3,78.0
2022-01-01,10.0,0.9,19.2,1.1,69.0
2022-01-02,8.6,0.6,16.6,1.1,75.0
2022-01-03,8.4,1.3,15.5,1.1,80.0
2022-01-04,7.6,0.9,14.4,1.4,89.0
2022-01-05,5.8,1.2,10.4,1.4,77.0
2022-01-06,4.9,-3.1,8.7,0.0,79.0
2022-01-07,4.0,-3.7,11.7,0.8,75.0
2022-01-08,4.85,-4.3,7.7,1.1,84.0
2022-01-09,5.7,-3.3,14.7,5.0,76.0
2022-01-10,9.2,2.8,15.7,1.9,75.0
2022-01-11,7.9,-0.2,16.0,2.8,70.0
2022-01-12,6.0,-2.1,14.0,0.8,58.0
2022-01-13,5.72,-3.0,10.1,0.6,70.0
2022-01-14,5.4399999999999995,-5.2,10.2,1.1,65.0
2022-01-15,5.16,-3.9,9.8,0.8,71.0
2022-01-16,4.88,-5.4,10.8,0.8,71.0
2022-01-17,4.6,-4.2,13.4,1.1,66.0
2022-01-18,5.4,-4.9,15.8,0.8,58.0
2022-01-19,4.8,-5.4,14.9,1.1,54.0
2022-01-20,4.7,-4.2,13.6,3.1,60.0
2022-01-21,4.65,-4.1,10.3,3.1,57.0
2022-01-22,4.6,-3.0,12.1,0.8,61.0
2022-01-23,4.6,-2.5,11.6,1.4,70.0
2022-01-24,4.2,-1.6,10.0,1.7,67.0
2022-01-25,6.8,0.4,13.1,1.1,65.0
2022-01-26,5.2,-2.8,13.2,1.1,66.0
2022-01-27,7.0,-2.4,16.4,1.1,51.0
2022-01-28,7.2,-3.2,17.5,1.7,39.0
2022-01-29,7.4,-4.6,19.3,1.1,40.0
2022-01-30,7.7,-3.9,19.3,0.8,39.0
2022-01-31,6.6,-4.4,17.5,2.5,44.0
2022-02-01,7.7,-0.6,16.0,6.7,57.0
2022-02-02,9.7,-1.2,20.6,0.6,58.0
2022-02-03,7.8,-2.7,18.3,0.8,59.0
2022-02-04,8.7,3.2500000000000004,14.1,1.1,68.0
2022-02-05,9.7,3.0,16.4,3.3,56.0
2022-02-06,7.2,-1.2,15.6,1.1,46.0
2022-02-07,7.6,-3.5,18.7,2.2,48.0
2022-02-08,9.2,-0.4,18.7,1.7,55.0
2022-02-09,8.8,-0.3,17.8,1.7,56.0
2022-02-10,7.6,-1.7,16.9,1.1,61.0
2022-02-11,9.8,1.0,18.6,1.4,63.0
2022-02-12,9.7,2.3,17.1,0.8,58.0
2022-02-13,8.6,2.2,14.9,3.6,71.0
2022-02-14,6.4,-0.2,12.9,1.4,60.0
2022-02-15,5.4,-3.5,14.2,1.7,59.0
2022-02-16,7.6,-1.1,16.2,1.9,64.0
2022-02-17,9.6,0.1,19.2,1.4,65.0
2022-02-18,10.0,0.1,20.0,1.1,64.0
2022-02-19,7.5,1.0,14.0,4.7,50.0
2022-02-20,5.8,-4.1000000000000005,16.5,0.8,56.0
2022-02-21,8.8,-1.3,19.0,2.5,56.0
2022-02-22,9.2,-2.7,21.0,3.3,47.0
2022-02-23,9.6,-0.3,19.6,1.4,45.0
2022-02-24,9.0,0.2,17.8,1.4,47.0
2022-02-25,9.0,5.699999999999999,11.5,3.9,74.0
2022-02-26,8.5,5.85,11.0,3.1,75.0
2022-02-27,9.6,4.7,14.6,0.6,71.0
2022-02-28,8.8,-0.6,18.1,0.8,64.0
2022-03-01,9.0,-0.9,18.9,1.7,59.0
2022-03-02,11.5,4.6,18.4,2.8,53.0
2022-03-03,6.3,1.4,11.2,1.4,86.5
2022-03-04,8.4,3.5,13.4,4.4,62.0
2022-03-05,6.2,-0.3,12.7,1.9,57.0
2022-03-06,6.7,1.4,12.0,2.5,65.0
2022-03-07,8.7,4.3,13.1,2.2,80.0
2022-03-08,8.3,2.9,13.7,2.5,64.0
2022-03-09,7.3,0.2,14.4,1.4,74.0
2022-03-10,11.0,6.6,15.5,2.2,68.0
2022-03-11,10.4,7.3,13.5,3.3,84.0
2022-03-12,7.2,0.8,13.7,3.3,76.0
2022-03-13,9.4,3.9,14.8,1.9,65.0
2022-03-14,10.2,6.0,14.3,3.6,74.0
2022-03-15,11.8,11.4,17.400000000000002,3.9,62.0
2022-03-16,13.4,10.7,16.0,3.9,65.0
2022-03-17,10.4,7.9,13.0,6.9,60.0
2022-03-18,9.8,4.9,14.8,2.5,67.0
2022-03-19,9.2,4.2,14.2,1.7,68.0
2022-03-20,10.6,7.0,14.3,3.1,67.0
2022-03-21,11.6,9.3,14.0,2.2,79.0
2022-03-22,10.3,7.4,13.2,5.3,75.0
2022-03-23,10.0,5.7,14.3,2.5,67.0
2022-03-24,10.5,6.8,14.2,3.3,76.0
2022-03-25,10.6,8.1,13.1,4.2,84.0
2022-03-26,10.2,7.1,13.2,3.6,81.0
2022-03-27,10.0,4.9,15.1,1.4,70.0
2022-03-28,10.5,2.9,18.050000000000004,1.9,71.0
2022-03-29,13.2,8.0,18.2,1.4,70.0
2022-03-30,8.6,5.5,11.6,2.5,84.0
2022-03-31,9.0,4.1,13.8,1.7,65.0
2022-04-01,8.3,0.4,10.4,4.2,48.0
2022-04-02,7.6,0.6499999999999986,11.0,3.9,53.0
2022-04-03,6.9,0.6499999999999986,11.7,4.7,49.0
2022-04-04,6.2,0.25,14.2,4.4,46.0
2022-04-05,7.8,1.7,14.0,3.1,55.0
2022-04-06,11.1,4.3,17.9,3.1,60.0
2022-04-07,11.1,1.5,20.7,3.3,56.0
2022-04-08,10.6,4.4,16.8,3.9,65.0
2022-04-09,14.0,8.5,19.6,2.8,69.0
2022-04-10,15.9,8.0,23.8,3.6,60.0
2022-04-11,14.8,5.9,23.8,4.7,56.0
2022-04-12,11.0,6.3,15.6,1.7,80.5
2022-04-13,11.2,3.1,19.3,2.5,69.0
2022-04-14,15.2,7.8,22.5,2.5,60.0
2022-04-15,15.6,6.6,24.7,1.7,57.0
2022-04-16,16.4,6.6,26.3,2.8,50.0
2022-04-17,15.8,5.1,26.4,1.1,48.0
2022-04-18,17.6,8.8,26.5,2.8,44.0
2022-04-19,12.6,7.0,18.3,5.8,67.0
2022-04-20,8.6,3.7,13.5,5.8,66.0
2022-04-21,10.2,3.1,17.3,2.2,59.0
2022-04-22,9.8,6.7,12.9,3.3,77.5
2022-04-23,8.3,5.4,11.600000000000001,6.7,74.0
2022-04-24,10.2,2.5999999999999996,18.6,2.2,59.0
2022-04-25,12.4,3.0499999999999994,21.9,1.4,56.0
2022-04-26,15.6,7.8,23.3,1.9,57.0
2022-04-27,13.8,10.7,16.8,3.1,71.0
2022-04-28,13.8,9.6,17.9,1.7,75.0
2022-04-29,16.0,7.7,24.4,2.2,55.0
2022-04-30,16.7,9.6,23.8,1.9,63.0
2022-05-01,17.2,8.3,26.1,1.9,55.0
2022-05-02,14.2,10.2,18.2,3.9,73.0
2022-05-03,14.1,10.9,17.3,5.6,64.0
2022-05-04,14.4,8.1,20.8,3.6,57.0
2022-05-05,14.7,5.0,24.4,1.4,53.0
2022-05-06,15.1,5.7,24.5,3.6,44.0
2022-05-07,15.8,6.9,24.8,3.1,45.0
2022-05-08,17.5,7.5,27.5,2.5,42.0
2022-05-09,18.5,8.2,28.8,1.7,44.0
2022-05-10,19.8,9.4,30.3,1.7,43.0
2022-05-11,21.6,12.2,31.0,1.7,45.0
2022-05-12,20.7,12.8,28.6,2.8,42.0
2022-05-13,20.8,10.8,30.8,2.5,42.0
2022-05-14,21.8,13.8,29.8,2.2,51.0
2022-05-15,19.8,13.0,26.5,3.9,45.0
2022-05-16,18.6,8.9,28.3,2.5,48.0
2022-05-17,20.0,9.6,30.5,2.8,44.0
2022-05-18,22.7,11.7,33.7,2.8,38.0
2022-05-19,25.0,14.5,35.4,3.6,38.0
2022-05-20,25.1,14.7,35.5,2.8,35.0
2022-05-21,25.2,13.9,35.0,2.8,33.0
2022-05-22,22.8,15.8,29.7,4.7,42.0
2022-05-23,19.6,10.4,28.8,2.8,46.0
2022-05-24,16.4,8.4,25.2,3.6,45.0
2022-05-25,14.0,5.849999999999997,25.099999999999998,2.8,42.0
2022-05-26,17.5,6.6999999999999975,28.7,4.4,37.0
2022-05-27,21.4,10.4,32.5,3.6,30.0
2022-05-28,23.4,12.8,34.1,2.8,31.0
2022-05-29,21.6,10.4,32.8,3.1,34.0
2022-05-30,20.0,15.3,24.6,4.2,45.0
2022-05-31,20.9,10.0,31.8,3.1,37.0
2022-06-01,21.4,12.0,30.9,3.1,31.0
2022-06-02,21.6,12.9,30.4,2.5,40.0
2022-06-03,22.0,14.6,29.4,3.6,40.0
2022-06-04,19.2,9.7,28.7,3.9,38.0
2022-06-05,20.0,9.4,30.7,3.1,34.0
2022-06-06,21.5,10.9,32.1,2.8,31.0
2022-06-07,23.6,13.4,33.7,3.1,34.0
2022-06-08,22.2,13.9,30.5,2.2,40.0
2022-06-09,24.6,14.8,34.4,3.6,38.0
2022-06-10,25.0,12.6,37.4,1.7,26.0
2022-06-11,28.5,18.0,39.0,3.1,28.0
2022-06-12,28.0,17.8,38.2,1.9,29.0
2022-06-13,28.4,17.3,37.999999999999986,2.8,25.0
2022-06-14,29.8,19.2,37.999999999999986,3.9,24.0
2022-06-15,30.6,20.2,39.00000000000001,3.3,26.0
2022-06-16,30.700000000000003,19.950000000000003,39.4,1.1,27.0
2022-06-17,30.8,19.950000000000003,41.19999999999999,3.6,31.0
2022-06-18,30.7,20.5,40.9,5.0,23.0
2022-06-19,23.9,18.0,29.8,4.2,36.0
2022-06-20,22.4,15.0,29.8,4.2,38.0
2022-06-21,19.6,10.2,29.1,3.1,31.0
2022-06-22,19.9,14.4,25.4,4.2,41.0
2022-06-23,19.2,12.9,25.6,4.4,49.0
2022-06-24,19.0,9.9,28.2,2.8,42.0
2022-06-25,20.1,11.6,28.6,4.4,39.0
2022-06-26,20.7,12.5,28.9,3.3,29.0
2022-06-27,22.5,15.0,30.0,3.9,33.0
2022-06-28,22.0,11.5,32.5,2.8,33.0
2022-06-29,22.8,12.1,33.6,4.4,25.0
2022-06-30,22.6,13.3,32.0,3.6,32.0
2022-07-01,23.8,12.9,34.7,3.3,34.0
2022-07-02,28.2,18.7,37.6,2.5,38.0
2022-07-03,28.7,20.7,36.7,3.9,35.0
2022-07-04,26.4,16.7,36.0,2.8,29.0
2022-07-05,28.0,17.9,38.2,3.3,30.0
2022-07-06,26.2,18.3,34.0,4.7,40.0
2022-07-07,23.6,14.3,33.0,5.0,33.0
2022-07-08,25.8,15.2,36.5,2.8,33.0
2022-07-09,28.2,17.6,38.7,1.9,29.0
2022-07-10,29.0,18.2,39.7,2.8,26.0
2022-07-11,30.0,19.6,40.4,2.2,27.0
2022-07-12,30.0,20.4,39.7,1.1,27.0
2022-07-13,30.8,20.2,41.4,2.2,26.0
2022-07-14,32.0,21.8,42.3,3.1,22.0
2022-07-15,30.6,19.7,41.6,3.3,20.0
2022-07-16,31.0,20.7,41.4,1.7,24.0
2022-07-17,31.4,21.7,41.0,2.8,25.0
2022-07-18,31.6,22.8,40.3,3.6,24.0
2022-07-19,27.6,19.6,35.5,4.7,23.0
2022-07-20,27.4,16.0,38.7,2.2,24.0
2022-07-21,29.4,19.4,39.3,2.8,28.0
2022-07-22,29.8,20.9,38.7,3.6,29.0
2022-07-23,27.9,16.0,39.8,3.9,27.0
2022-07-24,28.0,15.75,40.4,3.9,24.0
2022-07-25,28.8,19.0,38.7,4.2,20.0
2022-07-26,28.1,18.8,37.4,3.1,32.0
2022-07-27,27.8,18.7,37.0,3.6,34.0
2022-07-28,28.0,18.8,37.2,3.3,29.0
2022-07-29,27.8,17.7,37.8,3.6,28.0
2022-07-30,29.4,19.3,39.4,2.5,42.0
2022-07-31,28.9,19.3,38.5,2.2,40.0
2022-08-01,30.8,21.3,40.2,1.7,33.0
2022-08-02,31.0,21.5,40.6,2.2,31.0
2022-08-03,29.8,21.0,38.5,1.1,41.0
2022-08-04,28.8,19.0,38.5,1.9,35.0
2022-08-05,29.4,20.9,38.0,2.8,31.0
2022-08-06,28.4,18.8,38.1,2.2,33.0
2022-08-07,29.4,21.3,37.5,2.5,33.0
2022-08-08,29.7,20.3,39.1,2.2,32.0
2022-08-09,29.6,20.0,39.1,2.5,32.0
2022-08-10,30.25,24.6,38.7,2.2,32.0
2022-08-11,30.9,24.1,37.7,2.5,33.0
2022-08-12,29.1,20.4,37.8,3.1,34.0
2022-08-13,24.2,18.7,33.25,2.5,39.0
2022-08-14,24.2,14.9,33.5,3.6,35.0
2022-08-15,22.9,12.8,33.0,3.1,28.0
2022-08-16,22.4,14.7,31.349999999999998,4.2,34.0
2022-08-17,21.0,12.4,29.5,2.8,40.0
2022-08-18,20.9,12.4,29.4,1.9,40.0
2022-08-19,23.2,13.2,33.1,1.9,34.0
2022-08-20,25.4,14.8,35.9,2.5,32.0
2022-08-21,26.4,15.0,37.9,3.1,28.0
2022-08-22,27.2,18.7,35.7,2.5,35.0
2022-08-23,28.4,18.5,38.2,2.2,37.0
2022-08-24,29.4,21.2,37.6,2.8,34.0
2022-08-25,28.4,21.1,35.6,3.9,41.0
2022-08-26,25.8,18.7,33.0,4.2,48.0
2022-08-27,25.2,16.1,34.2,1.7,42.0
2022-08-28,26.9,17.8,36.0,3.3,40.0
2022-08-29,27.8,20.7,34.9,4.7,39.0
2022-08-30,26.6,17.4,35.7,4.2,36.0
2022-08-31,24.9,16.7,33.1,2.5,29.0
2022-09-01,22.8,12.2,33.3,2.5,32.0
2022-09-02,22.5,13.2,31.8,3.3,32.0
2022-09-03,21.2,12.6,29.7,2.8,37.0
2022-09-04,20.8,10.6,30.9,3.3,36.0
2022-09-05,20.4,10.7,30.0,3.3,35.0
2022-09-06,20.6,11.2,29.9,3.9,42.0
2022-09-07,19.7,11.4,28.0,2.8,40.0
2022-09-08,22.6,14.7,30.5,2.8,42.0
2022-09-09,24.2,16.1,32.3,1.9,46.0
2022-09-10,25.6,16.6,34.7,3.1,37.0
2022-09-11,26.4,16.1,36.6,1.7,35.0
2022-09-12,26.2,19.7,32.6,2.8,45.0
2022-09-13,21.8,17.2,26.3,4.7,64.0
2022-09-14,20.2,14.9,25.4,2.5,59.0
2022-09-15,20.6,15.2,26.0,1.4,68.0
2022-09-16,21.2,13.2,29.2,1.9,62.0
2022-09-17,21.6,13.3,29.8,2.2,44.0
2022-09-18,22.6,14.6,30.7,1.4,49.0
2022-09-19,22.9,15.0,30.8,1.4,58.0
2022-09-20,23.0,16.4,29.5,1.4,61.0
2022-09-21,22.2,13.9,30.5,1.7,49.0
2022-09-22,21.1,12.3,29.9,2.5,52.0
2022-09-23,22.2,15.9,28.5,2.2,48.0
2022-09-24,19.6,12.3,27.0,2.8,48.0
2022-09-25,15.4,8.9,21.8,5.8,44.0
2022-09-26,16.6,9.5,23.6,2.2,42.0
2022-09-27,15.0,5.4,24.6,2.2,51.0
2022-09-28,15.8,7.0,24.7,2.5,52.0
2022-09-29,15.6,7.9,18.75,1.7,70.0
2022-09-30,15.4,3.8,20.7,2.2,57.0
2022-10-01,15.2,5.2,25.3,1.7,51.0
2022-10-02,19.6,8.6,30.5,1.1,39.0
2022-10-03,19.8,10.6,28.9,1.9,35.0
2022-10-04,20.4,9.2,31.7,1.1,43.0
2022-10-05,20.2,10.8,29.6,1.7,46.0
2022-10-06,20.4,12.3,28.5,2.2,45.0
2022-10-07,18.0,10.3,25.7,1.4,58.0
2022-10-08,19.0,10.6,27.4,1.4,54.0
2022-10-09,19.3,12.2,26.4,1.1,55.0
2022-10-10,17.9,13.4,22.4,1.1,72.0
2022-10-11,17.4,12.3,22.4,1.7,72.5
2022-10-12,16.8,8.1,25.6,0.8,63.0
2022-10-13,17.4,9.6,25.3,1.9,60.0
2022-10-14,18.6,9.3,27.9,1.4,55.0
2022-10-15,19.0,9.9,28.1,2.5,51.0
2022-10-16,18.2,9.0,27.3,1.7,55.0
2022-10-17,20.8,14.9,26.7,0.8,61.0
2022-10-18,21.3,12.5,30.1,1.4,58.0
2022-10-19,21.2,15.2,27.2,3.9,50.0
2022-10-20,18.0,14.3,21.6,6.1,59.0
2022-10-21,16.4,14.2,18.7,3.3,78.5
2022-10-22,17.8,12.6,23.1,3.3,65.0
2022-10-23,16.2,13.6,18.8,2.5,81.0
2022-10-24,15.2,11.3,19.1,1.1,80.0
2022-10-25,18.4,11.7,25.2,2.8,60.0
2022-10-26,18.2,12.3,24.1,1.9,62.0
2022-10-27,20.1,15.4,24.8,1.4,46.0
2022-10-28,18.6,12.3,25.0,0.8,60.0
2022-10-29,18.4,11.8,24.9,1.4,56.0
2022-10-30,14.9,9.1,20.7,2.2,69.0
2022-10-31,12.8,8.9,16.7,3.1,80.0
2022-11-01,15.9,10.6,21.2,1.1,73.0
2022-11-02,15.6,8.5,22.6,0.8,67.0
2022-11-03,14.3,10.1,18.5,3.3,71.0
2022-11-04,10.0,3.4,16.5,1.1,62.0
2022-11-05,9.2,0.1,18.2,0.8,62.0
2022-11-06,9.8,0.1,19.5,1.1,61.0
2022-11-07,11.8,3.8,19.9,1.4,67.0
2022-11-08,11.4,5.6,17.1,1.4,74.0
2022-11-09,11.6,6.6,16.5,1.9,85.0
2022-11-10,10.8,3.6,17.9,0.8,77.0
2022-11-11,11.2,4.8,17.7,2.5,74.0
2022-11-12,15.4,9.7,21.2,3.1,66.0
2022-11-13,12.9,6.4,19.4,0.6,75.0
2022-11-14,11.2,6.0,16.3,2.5,84.0
2022-11-15,14.4,12.8,16.0,4.2,86.0
2022-11-16,12.4,11.0,13.7,4.2,90.0
2022-11-17,13.4,9.2,17.6,4.4,87.0
2022-11-18,10.5,7.0,14.0,2.2,68.0
2022-11-19,7.3,3.3,11.3,1.9,62.0
2022-11-20,9.8,2.1,17.6,1.4,77.0
2022-11-21,9.6,5.4,13.7,7.2,81.0
2022-11-22,7.4,1.9,13.0,4.7,80.0
2022-11-23,14.9,11.7,18.1,4.7,85.0
2022-11-24,12.2,10.1,14.4,1.7,86.0
2022-11-25,8.0,1.9,14.0,3.1,69.0
2022-11-26,7.4,0.2,14.5,0.8,75.0
2022-11-27,7.5,-0.2,15.2,1.4,76.0
2022-11-28,7.8,1.3,14.2,2.5,60.0
2022-11-29,7.85,1.7999999999999998,13.85,0.6,74.0
2022-11-30,7.9,2.3,13.5,0.8,74.0
2022-12-01,7.4,2.0,12.7,3.1,67.0
2022-12-02,6.1,0.6,11.6,0.8,76.0
2022-12-03,6.733333333333333,-0.5,9.7,0.8,84.0
2022-12-04,7.366666666666666,0.5,9.350000000000001,1.9,91.0
2022-12-05,8.0,5.1,11.0,1.4,92.0
2022-12-06,10.0,8.6,11.5,0.8,92.0
2022-12-07,10.0,5.9,14.2,1.1,87.0
2022-12-08,10.0,6.3,13.8,3.3,89.0
2022-12-09,10.2,8.9,11.5,1.1,93.0
2022-12-10,10.8,8.4,13.3,1.1,86.0
2022-12-11,7.5,6.0,9.250000000000002,1.1,94.0
2022-12-12,10.8,6.9,14.6,3.9,93.0
2022-12-13,13.9,12.5,15.3,3.3,94.0
2022-12-14,13.1,10.5,15.7,2.2,90.0
2022-12-15,10.2,8.4,11.9,2.8,87.0
2022-12-16,9.0,7.0,11.0,0.3,88.0
2022-12-17,10.3,7.3,13.3,1.1,87.0
2022-12-18,8.6,5.0,12.3,0.3,89.0
2022-12-19,7.6,2.8,12.5,0.8,88.0
2022-12-20,7.4,3.9,10.9,1.1,93.0
2022-12-21,11.0,8.3,13.8,2.2,89.0
2022-12-22,12.9,10.4,15.4,1.4,89.0
2022-12-23,11.6,10.7,12.4,2.2,90.0
2022-12-24,9.3,5.2,13.4,1.1,86.0
2022-12-25,10.4,4.0,16.7,1.4,77.0
2022-12-26,10.6,3.4,17.9,1.4,75.0
2022-12-27,9.2,1.8,16.5,1.4,80.0
2022-12-28,7.5,0.8,14.2,1.4,80.0
2022-12-29,9.0,5.8,12.2,3.1,88.0
2022-12-30,10.5,7.2,13.8,4.4,67.0
2022-12-31,8.8,1.7,15.9,1.1,74.0
2023-01-01,10.6,3.9,16.35,0.6,64.0
2023-01-02,10.7,8.2,13.2,0.3,78.0
2023-01-03,7.9,1.4,14.4,0.6,73.0
2023-01-04,7.0,-0.2,14.2,0.8,73.0
2023-01-05,6.8,-0.6,14.2,0.3,70.0
2023-01-06,5.0,-2.4,12.5,0.8,75.0
2023-01-07,3.2,-1.6,9.599999999999998,0.6,90.0
2023-01-08,10.8,7.8,13.9,5.8,91.0
2023-01-09,8.0,1.7,14.4,2.8,66.0
2023-01-10,6.5,0.2,12.8,0.8,83.0
2023-01-11,6.1,1.7,10.5,0.6,90.0
2023-01-12,5.6,-0.7,12.0,1.7,81.0
2023-01-13,7.0,1.0,13.1,1.1,80.0
2023-01-14,5.9,-1.4,13.2,0.8,83.0
2023-01-15,5.6,0.3,10.8,1.1,87.0
2023-01-16,6.4,2.4,10.5,8.9,80.0
2023-01-17,6.8,3.0,10.5,7.8,71.0
2023-01-18,3.6,-1.3,8.5,4.2,65.0
2023-01-19,3.4,-2.7,9.4,4.7,71.0
2023-01-20,9.3,4.5,14.1,1.9,63.0
2023-01-21,4.6,-0.5,9.7,3.1,63.0
2023-01-22,2.0,-5.5,9.4,3.1,56.0
2023-01-23,2.4,-5.2,9.9,1.9,61.0
2023-01-24,2.2,-1.8,6.3000000000000025,3.1,64.0
2023-01-25,4.4,-2.5,11.2,2.2,60.0
2023-01-26,3.6,-3.0,10.2,2.2,61.0
2023-01-27,2.0,-5.5,9.5,3.3,59.0
2023-01-28,2.0,-6.5,10.5,3.1,58.0
2023-01-29,2.1,-6.4,8.0,2.2,63.0
2023-01-30,2.2,-5.3,9.8,1.1,62.0
2023-01-31,3.6,-5.4,12.7,1.4,61.0
2023-02-01,5.9,-4.1,15.9,1.1,60.0
2023-02-02,6.5,-2.5,15.5,0.8,59.0
2023-02-03,7.8,-3.1,18.7,1.4,52.0
2023-02-04,7.4,-4.3,19.0,1.4,53.0
2023-02-05,8.8,-2.1,19.7,1.7,49.5
2023-02-06,4.4,-3.4,12.2,3.3,58.0
2023-02-07,4.0,-2.0,10.1,2.2,65.0
2023-02-08,5.8,-0.8,12.3,2.2,66.0
2023-02-09,5.6,0.0,11.2,0.6,66.0
2023-02-10,5.7,-0.5,11.9,1.7,60.0
2023-02-11,4.7,-3.1,12.5,3.1,60.0
2023-02-12,5.2,-2.2,12.5,2.8,61.0
2023-02-13,5.4,-1.7,12.5,1.9,65.0
2023-02-14,6.2,-0.3,12.7,1.9,68.0
2023-02-15,7.6,0.4,14.9,1.1,65.0
2023-02-16,7.6,-1.9,17.0,1.7,51.0
2023-02-17,8.6,-0.8,18.0,1.9,45.0
2023-02-18,8.2,0.3,16.2,1.7,47.0
2023-02-19,11.4,2.0,17.9,1.7,52.0
2023-02-20,12.7,3.45,16.55,1.9,47.0
2023-02-21,11.2,4.0,16.55,1.1,54.0
2023-02-22,9.3,0.9,17.7,1.4,62.0
2023-02-23,4.2,-1.8,10.2,3.1,72.0
2023-02-24,2.8,-5.6,11.3,0.8,58.0
2023-02-25,3.4,-4.6,11.5,2.8,63.0
2023-02-26,3.1,-5.1,11.3,5.3,60.0
2023-02-27,2.975,-3.6,6.4,4.2,47.0
2023-02-28,2.85,-7.6,10.3,3.9,55.0
2023-03-01,2.725,-8.1,6.8,2.5,56.0
2023-03-02,2.6,-6.5,11.8,1.7,51.0
2023-03-03,3.8,-6.0,13.5,1.1,54.0
2023-03-04,5.4,-3.2,13.9,1.4,53.0
2023-03-05,4.5,-3.3,12.3,1.1,70.0
2023-03-06,9.1,4.4,13.8,2.8,75.0
2023-03-07,12.6,8.8,16.3,5.3,70.0
2023-03-08,14.1,10.1,18.1,5.6,71.0
2023-03-09,14.6,10.6,18.5,5.8,71.0
2023-03-10,14.1,8.3,19.9,2.8,61.0
2023-03-11,13.6,5.1,22.0,2.5,69.0
2023-03-12,14.2,5.2,23.2,1.4,68.0
2023-03-13,13.8,6.3,21.3,5.0,64.0
2023-03-14,10.4,3.1,17.8,1.9,53.0
2023-03-15,11.2,1.4,21.1,1.9,53.0
2023-03-16,14.6,3.4,25.8,2.2,48.0
2023-03-17,13.8,9.55,17.7,4.7,48.0
2023-03-18,10.8,4.6,16.9,2.2,64.0
2023-03-19,10.8,2.9,18.6,1.9,53.0
2023-03-20,11.3,1.7,20.9,2.2,49.0
2023-03-21,12.7,3.1,22.3,1.7,49.0
2023-03-22,12.6,2.4,22.8,3.1,51.0
2023-03-23,13.2,3.2,23.1,3.9,49.0
2023-03-24,15.0,8.75,20.4,3.3,64.0
2023-03-25,13.6,5.8,21.4,2.8,59.0
2023-03-26,13.2,4.5,21.8,3.6,46.0
2023-03-27,11.9,2.9,20.9,1.1,43.0
2023-03-28,13.9,3.3,24.5,1.4,38.0
2023-03-29,15.6,4.9,26.3,2.5,40.0
2023-03-30,14.8,6.0,23.5,3.9,52.0
2023-03-31,16.6,7.850000000000001,22.1,4.4,55.0
2023-04-01,12.8,5.3,20.4,3.1,56.0
2023-04-02,9.2,-0.3,18.6,2.5,48.0
2023-04-03,10.2,-0.3,20.8,1.7,39.0
2023-04-04,11.4,2.2,20.5,5.0,29.0
2023-04-05,10.9,0.2999999999999998,23.1,1.7,22.0
2023-04-06,13.9,3.1,24.7,1.1,24.0
2023-04-07,13.6,1.5,25.6,3.1,31.0
2023-04-08,15.4,3.6,27.2,2.5,31.0
2023-04-09,16.4,4.8,28.1,2.2,37.0
2023-04-10,17.3,6.2,28.4,1.9,36.0
2023-04-11,16.7,6.2,27.2,3.1,36.0
2023-04-12,13.7,5.5,21.9,5.0,49.0
2023-04-13,10.4,2.8,18.1,2.8,45.0
2023-04-14,12.4,2.8,22.0,4.2,56.0
2023-04-15,14.0,5.2,22.9,5.0,40.0
2023-04-16,14.8,5.2,24.5,2.2,38.0
2023-04-17,14.0,3.4,24.7,3.3,27.0
2023-04-18,15.0,5.6,24.5,1.9,38.0
2023-04-19,15.6,5.3,25.8,1.9,42.0
2023-04-20,17.0,5.7,28.3,3.3,38.0
2023-04-21,16.8,6.6,27.0,3.3,41.0
2023-04-22,15.0,7.8,22.3,3.1,51.5
2023-04-23,14.8,4.5,25.0,3.3,48.5
2023-04-24,16.8,7.4,26.3,1.9,47.5
2023-04-25,19.0,8.5,29.5,2.5,45.0
2023-04-26,19.4,8.7,30.1,3.1,40.0
2023-04-27,19.333333333333332,9.4,32.1,2.2,36.0
2023-04-28,19.266666666666666,13.6,33.0,2.5,36.0
2023-04-29,19.2,11.7,26.7,2.5,50.0
2023-04-30,18.0,10.1,25.8,3.3,46.0
2023-05-01,18.2,8.5,28.0,2.2,36.0
2023-05-02,18.8,8.2,29.3,1.9,32.0
2023-05-03,21.3,11.7,30.9,2.5,29.0
2023-05-04,19.4,12.2,26.5,3.9,37.0
2023-05-05,17.4,7.1,27.6,2.5,35.0
2023-05-06,18.4,7.8,29.1,3.9,33.0
2023-05-07,20.4,11.4,29.5,3.6,39.0
2023-05-08,20.0,9.8,30.3,2.2,41.0
2023-05-09,20.4,12.2,28.5,3.9,43.0
2023-05-10,18.2,10.3,26.0,3.1,36.0
2023-05-11,15.8,8.3,23.2,4.4,39.0
2023-05-12,13.5,6.6,20.4,4.2,43.0
2023-05-13,12.4,3.300000000000008,21.6,3.3,43.0
2023-05-14,12.9,4.9,20.9,2.5,51.0
2023-05-15,12.8,3.7,22.0,3.1,48.0
2023-05-16,13.6,3.9,23.4,4.7,37.0
2023-05-17,15.8,6.8,24.7,6.1,28.0
2023-05-18,15.2,7.6,22.7,4.7,32.0
2023-05-19,15.2,8.5,21.8,5.3,33.0
2023-05-20,12.8,3.500000000000001,22.2,4.2,40.0
2023-05-21,16.6,9.4,23.8,3.1,40.0
2023-05-22,18.2,11.1,25.4,3.9,41.0
2023-05-23,20.2,13.6,26.9,5.0,61.0
2023-05-24,18.2,10.6,25.8,1.9,64.0
2023-05-25,18.8,11.7,26.0,3.3,59.0
2023-05-26,16.6,12.7,20.4,3.1,67.0
2023-05-27,16.4,10.1,22.6,1.7,66.0
2023-05-28,17.8,12.8,22.7,2.5,77.0
2023-05-29,18.0,11.4,24.6,2.2,69.0
2023-05-30,16.6,9.4,23.8,1.9,76.0
2023-05-31,17.9,9.5,26.3,2.5,62.0
2023-06-01,18.0,13.6,22.3,1.4,88.0
2023-06-02,18.4,11.4,25.5,2.2,77.0
2023-06-03,19.4,12.0,26.7,3.1,69.0
2023-06-04,19.4,12.7,26.2,2.8,57.0
2023-06-05,20.4,13.7,27.1,2.8,60.0
2023-06-06,21.2,13.0,29.3,2.5,55.0
2023-06-07,18.9,16.1,21.7,1.9,79.0
2023-06-08,19.6,16.7,22.6,2.5,77.0
2023-06-09,20.6,15.6,25.5,3.6,59.0
2023-06-10,22.0,15.6,28.3,2.5,57.0
2023-06-11,21.8,15.0,28.6,3.1,49.0
2023-06-12,21.4,13.8,28.9,3.6,52.0
2023-06-13,19.4,14.6,24.1,1.4,68.0
2023-06-14,19.7,11.7,27.7,1.1,56.0
2023-06-15,22.8,14.4,31.3,2.2,46.0
2023-06-16,24.8,16.3,33.4,1.9,41.0
2023-06-17,25.6,17.0,34.3,2.8,49.0
2023-06-18,24.4,16.4,32.3,2.8,57.0
2023-06-19,24.2,17.8,30.5,2.8,61.0
2023-06-20,23.1,17.5,28.7,3.1,53.0
2023-06-21,22.3,15.1,29.5,3.9,66.0
2023-06-22,21.6,13.6,29.5,1.4,56.0
2023-06-23,25.0,16.8,33.3,1.9,48.0
2023-06-24,26.4,17.4,35.3,1.9,44.0
2023-06-25,27.8,17.9,37.7,3.1,43.0
2023-06-26,28.2,18.7,37.8,2.5,39.0
2023-06-27,27.6,18.8,36.5,1.7,42.0
2023-06-28,27.3,18.8,35.8,2.5,44.0
2023-06-29,27.2,18.2,36.3,4.2,42.0
2023-06-30,22.6,15.0,30.39999999999999,4.7,40.0
2023-07-01,24.4,15.2,33.5,2.5,40.0
2023-07-02,27.2,18.7,35.7,3.3,42.0
2023-07-03,26.8,18.9,34.8,2.8,44.0
2023-07-04,26.2,17.1,35.3,3.3,38.0
2023-07-05,24.2,14.9,33.5,2.2,35.0
2023-07-06,27.2,20.2,34.2,2.8,37.0
2023-07-07,27.2,19.1,35.4,3.9,40.0
2023-07-08,24.2,14.4,34.1,2.5,30.0
2023-07-09,25.4,14.9,35.9,2.5,30.0
2023-07-10,28.6,17.6,39.7,3.3,28.0
2023-07-11,29.7,20.0,39.4,4.4,28.0
2023-07-12,25.0,15.2,34.7,3.1,31.0
2023-07-13,27.0,17.8,36.2,3.6,35.0
2023-07-14,28.2,19.3,37.2,4.4,34.0
2023-07-15,26.0,18.9,33.0,4.7,33.0
2023-07-16,25.5,15.6,35.4,3.3,31.0
2023-07-17,29.9,18.8,39.3,2.8,29.0
2023-07-18,30.15,22.599999999999994,39.60000000000001,3.9,29.0
2023-07-19,30.4,22.449999999999996,38.3,4.7,27.0
2023-07-20,26.9,17.4,36.4,5.0,25.0
2023-07-21,24.7,16.1,33.3,3.9,33.0
2023-07-22,24.2,14.2,34.1,2.8,37.0
2023-07-23,26.4,15.9,36.9,4.4,26.0
2023-07-24,24.2,15.4,33.0,3.9,31.0
2023-07-25,22.8,13.1,32.6,1.9,32.0
2023-07-26,25.0,15.2,34.7,2.8,32.0
2023-07-27,26.8,18.7,35.0,3.6,32.0
2023-07-28,25.4,15.6,35.2,3.3,29.0
2023-07-29,26.0,15.3,36.7,3.3,30.0
2023-07-30,27.4,16.9,37.9,3.6,32.0
2023-07-31,28.8,19.6,38.0,2.5,36.0
2023-08-01,27.0,17.0,37.0,2.2,27.0
2023-08-02,27.2,17.3,37.1,4.4,32.0
2023-08-03,26.0,18.7,33.3,3.3,31.0
2023-08-04,22.0,14.6,31.70000000000001,5.3,35.0
2023-08-05,23.2,11.950000000000003,35.0,2.2,33.0
2023-08-06,27.2,17.5,37.0,3.3,31.0
2023-08-07,26.9,16.2,37.6,2.2,27.0
2023-08-08,29.6,19.3,39.8,2.8,30.0
2023-08-09,30.8,20.5,41.0,3.6,30.0
2023-08-10,30.4,21.1,39.6,3.1,26.0
2023-08-11,29.7,19.3,40.1,2.8,27.0
2023-08-12,29.0,19.1,39.0,1.7,28.0
2023-08-13,30.8,22.35,38.8,3.6,35.0
2023-08-14,27.8,19.2,36.5,3.6,33.0
2023-08-15,26.6,15.7,37.6,2.5,24.0
2023-08-16,26.6,16.6,36.5,3.1,26.0
2023-08-17,27.0,17.0,36.9,3.1,27.0
2023-08-18,25.8,16.3,35.3,3.3,30.0
2023-08-19,27.2,16.9,37.6,2.2,27.0
2023-08-20,28.8,17.7,40.0,2.2,27.0
2023-08-21,29.25,21.1,42.0,2.2,26.0
2023-08-22,29.700000000000003,20.3,41.4,2.5,24.0
2023-08-23,30.150000000000002,21.1,40.5,3.3,27.0
2023-08-24,30.6,20.6,40.7,2.5,26.0
2023-08-25,28.4,17.8,39.1,4.2,25.0
2023-08-26,25.4,17.7,33.0,5.6,25.0
2023-08-27,20.0,15.2,24.9,4.2,36.0
2023-08-28,20.4,12.3,28.6,2.8,38.0
2023-08-29,21.0,12.9,29.0,4.4,39.0
2023-08-30,21.4,12.8,30.1,1.4,38.0
2023-08-31,23.3,13.9,32.7,1.7,38.0
2023-09-01,24.0,14.7,33.4,3.1,34.0
2023-09-02,19.2,15.4,23.0,5.6,70.0
2023-09-03,19.2,16.4,22.1,3.1,87.0
2023-09-04,20.0,17.0,22.9,2.2,83.0
2023-09-05,22.2,15.5,28.8,1.7,66.0
2023-09-06,24.0,18.8,29.3,1.7,61.0
2023-09-07,24.8,18.7,30.8,1.7,61.0
2023-09-08,25.2,18.4,31.9,1.7,60.0
2023-09-09,24.8,19.9,29.6,2.2,62.0
2023-09-10,23.8,16.7,30.9,1.7,60.0
2023-09-11,21.5,16.3,26.7,2.2,65.0
2023-09-12,21.6,15.6,27.5,1.4,60.0
2023-09-13,22.0,14.3,29.8,1.9,54.0
2023-09-14,22.5,16.0,29.0,2.2,60.0
2023-09-15,20.3,14.7,25.9,1.7,71.5
2023-09-16,19.8,16.5,23.0,1.4,70.0
2023-09-17,17.2,14.9,20.049999999999997,2.5,71.5
2023-09-18,17.2,12.7,21.7,1.4,71.0
2023-09-19,18.4,11.1,25.7,1.7,64.0
2023-09-20,18.0,11.4,24.6,3.3,63.0
2023-09-21,15.8,12.9,22.150000000000006,3.6,69.0
2023-09-22,14.2,8.05,22.300000000000004,1.4,61.0
2023-09-23,15.4,8.599999999999998,23.6,1.7,58.0
2023-09-24,18.2,9.1,27.4,1.1,60.0
2023-09-25,19.9,10.2,29.6,1.4,53.0
2023-09-26,20.5,11.6,29.4,1.7,58.0
2023-09-27,20.5,11.9,29.1,1.7,60.0
2023-09-28,21.0,12.4,29.7,1.9,58.0
2023-09-29,21.8,11.6,32.1,0.8,56.0
2023-09-30,22.5,13.1,31.9,1.1,57.0
2023-10-01,23.1,13.7,32.5,1.9,52.0
2023-10-02,22.0,12.6,31.4,1.1,53.0
2023-10-03,21.8,12.0,31.6,1.7,53.0
2023-10-04,21.0,12.3,29.7,1.4,63.0
2023-10-05,22.8,13.5,32.0,1.7,55.0
2023-10-06,23.0,13.4,32.6,1.4,48.0
2023-10-07,22.4,13.0,31.9,1.4,49.0
2023-10-08,21.8,11.5,32.1,1.4,51.0
2023-10-09,20.2,10.0,30.4,1.4,55.0
2023-10-10,19.7,10.2,29.2,1.7,50.0
2023-10-11,18.6,8.3,29.0,1.7,52.0
2023-10-12,18.6,8.5,28.8,1.4,49.0
2023-10-13,19.0,11.1,27.0,1.9,52.0
2023-10-14,18.0,12.5,23.5,0.8,75.0
2023-10-15,16.4,10.4,22.4,1.1,74.0
2023-10-16,17.8,14.4,21.1,2.5,75.0
2023-10-17,20.8,16.2,25.4,3.9,60.0
2023-10-18,19.0,15.9,22.0,6.4,76.0
2023-10-19,14.8,11.6,17.9,5.0,94.0
2023-10-20,13.1,9.5,16.7,4.7,77.0
2023-10-21,11.2,5.6,16.9,0.8,72.0
2023-10-22,12.5,8.1,16.9,3.1,74.0
2023-10-23,13.6,11.1,16.0,2.2,85.0
2023-10-24,11.4,8.9,13.8,3.9,83.0
2023-10-25,15.6,12.2,19.0,4.7,83.0
2023-10-26,15.0,10.7,19.3,5.3,87.0
2023-10-27,12.0,8.1,16.0,5.0,81.0
2023-10-28,14.7,11.7,17.7,5.0,75.0
2023-10-29,15.2,13.0,17.3,5.0,74.0
2023-10-30,11.5,6.3,16.7,3.6,74.0
2023-10-31,9.0,4.4,13.5,0.3,85.0
2023-11-01,10.3,5.3,15.3,4.4,90.0
2023-11-02,12.1,7.3,16.9,8.3,69.0
2023-11-03,10.6,6.7,14.6,5.3,79.0
2023-11-04,12.8,9.8,15.7,6.7,85.0
2023-11-05,11.9,8.6,15.2,3.6,74.0
2023-11-06,8.6,2.4,14.8,1.4,71.0
2023-11-07,5.8,-0.049999999999998934,12.4,1.7,81.0
2023-11-08,8.0,2.7,13.2,1.7,84.0
2023-11-09,13.2,9.5,17.0,2.8,73.0
2023-11-10,11.3,6.4,16.2,2.8,74.0
2023-11-11,15.6,11.8,19.4,4.4,85.0
2023-11-12,15.8,11.1,20.5,2.2,79.0
2023-11-13,14.0,8.8,19.3,1.9,82.0
2023-11-14,11.9,8.0,15.8,1.4,91.0
2023-11-15,13.2,8.2,18.2,1.4,85.0
2023-11-16,11.3,8.7,13.9,0.8,93.0
2023-11-17,12.4,7.5,17.3,0.6,90.0
2023-11-18,12.0,4.6,19.4,1.1,81.0
2023-11-19,12.8,4.6,20.9,0.6,78.0
2023-11-20,11.6,3.9,19.3,0.8,79.0
2023-11-21,8.6,3.6,13.6,2.8,66.0
2023-11-22,7.2,0.1,14.2,2.2,68.0
2023-11-23,7.0,-1.6,15.5,1.7,62.0
2023-11-24,7.8,-2.2,17.8,0.3,67.0
2023-11-25,8.4,-1.7,18.4,0.6,67.0
2023-11-26,7.6,-0.5,15.8,0.3,74.0
2023-11-27,5.9,0.5,11.3,1.4,85.0
2023-11-28,9.4,7.2,11.6,1.4,92.0
2023-11-29,12.9,11.4,14.4,3.3,88.0
2023-11-30,14.4,9.850000000000001,16.1,4.7,89.0
2023-12-01,8.0,2.0,13.9,1.9,75.0
2023-12-02,5.7,-0.2,11.6,0.3,78.0
2023-12-03,3.4,-1.8,8.7,1.1,86.0
2023-12-04,7.2,3.0,11.4,3.6,86.0
2023-12-05,4.8,-0.1,9.7,1.1,81.0
2023-12-06,4.6,-0.8,10.1,0.8,82.0
2023-12-07,5.0,0.9,9.2,0.6,94.0
2023-12-08,7.4,1.9,12.8,2.8,70.0
2023-12-09,7.2,1.6,12.7,1.1,93.0
2023-12-10,11.4,5.549999999999999,12.3,0.8,94.0
2023-12-11,9.4,6.0,12.8,1.1,87.0
2023-12-12,9.0,5.2,12.7,2.2,93.0
2023-12-13,7.8,2.4,13.3,1.9,67.0
2023-12-14,6.4,1.1,11.7,1.9,68.0
2023-12-15,6.8,-0.4,14.0,2.8,74.0
2023-12-16,5.8,-2.5,14.1,0.3,77.0
2023-12-17,6.3,-1.6,14.2,1.1,77.0
2023-12-18,4.8,-3.1,12.7,0.8,75.0
2023-12-19,5.0,-3.1,13.1,1.1,71.0
2023-12-20,5.6,-1.4,12.7,2.5,70.0
2023-12-21,6.4,-1.5,14.2,0.8,75.0
2023-12-22,7.0,-1.2,15.3,3.1,75.0
2023-12-23,6.2,-3.0,15.4,0.3,76.0
2023-12-24,5.6,-2.7,13.8,0.3,75.0
2023-12-25,4.4,-3.0,11.7,0.6,78.0
2023-12-26,4.2,-3.6,12.1,0.8,80.0
2023-12-27,4.4,-4.0,12.8,0.8,75.0
2023-12-28,4.4,-3.5,8.8,0.8,81.0
2023-12-29,4.4,0.8,8.1,0.8,82.0
2023-12-30,5.2,-2.3,12.6,1.1,74.0
2023-12-31,6.4,1.5,11.3,4.4,84.0
2024-01-01,5.8,1.2,10.3,1.7,87.0
2024-01-02,3.8,-0.1,7.7,0.8,91.0
2024-01-03,10.3,5.799999999999999,13.7,2.8,93.0
2024-01-04,9.4,6.9,11.9,1.1,95.0
2024-01-05,6.6,3.5,9.6,2.5,71.0
2024-01-06,4.8,0.4,9.3,2.5,68.0
2024-01-07,4.4,-1.0,9.7,2.2,65.0
2024-01-08,4.7,-3.9,9.0,0.3,71.0
2024-01-09,5.0,2.5,7.6,0.8,81.0
2024-01-10,6.2,4.6,7.8,2.2,91.0
2024-01-11,5.533333333333333,-1.7,8.1,1.9,74.0
2024-01-12,4.866666666666667,-3.4,8.5,0.8,77.0
2024-01-13,4.2,-2.0,10.3,0.8,81.0
2024-01-14,5.9,3.2,8.6,1.1,94.0
2024-01-15,10.6,6.6,14.7,2.5,97.0
2024-01-16,11.05,8.75,15.1,3.1,84.0
2024-01-17,11.5,8.75,12.6,5.0,84.0
2024-01-18,9.2,8.75,15.4,4.4,83.0
2024-01-19,6.9,2.9,10.9,6.9,91.0
2024-01-20,5.2,0.7,9.7,1.4,84.0
2024-01-21,7.2,1.4,12.9,0.6,78.0
2024-01-22,5.4,-0.3,11.0,1.4,87.0
2024-01-23,9.2,0.7,17.6,0.6,83.0
2024-01-24,10.55,3.8,21.3,0.8,78.0
2024-01-25,11.9,2.8,21.0,0.8,74.0
2024-01-26,11.666666666666666,2.3,21.7,0.6,72.0
2024-01-27,11.433333333333334,4.8,20.6,1.7,71.0
2024-01-28,11.2,3.0,19.5,0.8,72.0
2024-01-29,9.6,2.4,16.8,0.8,72.0
2024-01-30,8.6,2.0,15.1,0.6,80.0
2024-01-31,5.4,0.7,10.1,1.4,88.0
2024-02-01,9.0,-0.9,18.8,1.7,66.0
2024-02-02,9.2,1.3,17.1,1.4,68.0
2024-02-03,9.6,0.3,18.8,0.6,65.0
2024-02-04,9.6,0.1,19.1,1.1,64.0
2024-02-05,7.6,-1.0,16.3,0.8,69.0
2024-02-06,8.6,1.8,15.5,1.1,76.0
2024-02-07,6.4,0.7,12.0,1.1,84.0
2024-02-08,10.6,7.299999999999999,12.6,2.8,75.0
2024-02-09,10.5,7.1,13.0,5.3,88.0
2024-02-10,7.4,3.3,11.6,3.6,68.0
2024-02-11,5.4,1.1,9.6,3.3,78.0
2024-02-12,11.6,6.3,16.8,4.7,81.0
2024-02-13,12.4,7.150000000000001,16.5,1.7,82.0
2024-02-14,14.3,7.1499999999999995,19.3,1.4,81.0
2024-02-15,12.2,7.2,16.4,2.5,81.0
2024-02-16,10.4,4.7,16.2,1.7,72.0
2024-02-17,9.8,1.6,18.0,1.7,58.0
2024-02-18,10.0,1.8,18.3,1.4,63.0
2024-02-19,11.2,2.9,19.6,1.4,65.0
2024-02-20,10.6,0.4,20.9,0.8,55.0
2024-02-21,8.2,1.7,14.8,1.7,69.0
2024-02-22,9.9,6.7,13.1,5.3,80.0
2024-02-23,6.7,2.3,11.1,3.6,69.0
2024-02-24,7.3,3.3,11.3,3.3,63.0
2024-02-25,10.4,6.1,14.6,8.3,79.0
2024-02-26,8.9,5.9,11.9,4.7,68.0
2024-02-27,6.4,2.1,10.8,6.7,55.0
2024-02-28,6.5,-1.4,14.4,3.9,61.0
2024-02-29,7.4,-1.5,16.3,4.2,66.0
2024-03-01,6.1,-2.1,14.3,2.8,61.0
2024-03-02,7.066666666666666,1.1,9.1,5.0,83.0
2024-03-03,8.033333333333333,-0.9,11.0,3.3,67.0
2024-03-04,9.0,4.4,13.6,5.3,81.0
2024-03-05,6.8,-0.8,14.4,0.8,62.0
2024-03-06,8.0,-0.4,16.4,1.9,66.0
2024-03-07,9.4,4.6,14.2,3.6,74.0
2024-03-08,8.0,4.4,11.5,5.8,74.0
2024-03-09,6.4,3.7,9.0,5.0,81.0
2024-03-10,9.2,4.6,13.9,6.4,69.0
2024-03-11,8.9,2.7,15.1,1.9,62.0
2024-03-12,9.4,1.0,17.9,1.4,61.0
2024-03-13,12.2,3.3,21.0,1.7,59.0
2024-03-14,10.4,2.8,18.1,3.6,71.0
2024-03-15,10.8,3.0,18.6,0.8,75.0
2024-03-16,12.8,5.3,20.2,1.9,74.0
2024-03-17,14.1,6.5,21.7,1.7,68.0
2024-03-18,14.3,6.8,21.8,1.4,69.0
2024-03-19,15.35,9.0,24.3,1.7,61.0
2024-03-20,16.4,9.0,23.8,2.5,62.0
2024-03-21,16.53333333333333,10.0,25.8,1.9,54.0
2024-03-22,16.666666666666668,9.2,26.9,1.9,58.0
2024-03-23,16.8,8.9,24.6,3.1,61.0
2024-03-24,16.4,9.0,23.9,1.7,56.0
2024-03-25,11.4,9.4,13.5,1.9,88.0
2024-03-26,7.2,3.7,10.8,4.7,66.0
2024-03-27,9.4,4.6,14.2,7.2,81.0
2024-03-28,12.3,7.6,17.0,5.8,73.0
2024-03-29,7.9,3.8,12.0,2.8,87.0
2024-03-30,8.0,3.4,12.6,4.7,80.0
2024-03-31,8.2,5.4,11.0,4.2,84.0
2024-04-01,9.2,4.3,14.1,5.3,72.0
2024-04-02,9.1,2.7,15.5,2.5,72.0
2024-04-03,12.6,6.4,18.7,2.5,67.0
2024-04-04,12.9,4.4,21.4,0.8,71.0
2024-04-05,14.8,6.3,23.4,1.9,61.0
2024-04-06,16.3,12.049999999999997,25.1,1.9,51.0
2024-04-07,17.8,10.449999999999996,23.1,2.2,67.0
2024-04-08,12.8,7.1,18.6,4.2,69.0
2024-04-09,11.0,4.5,17.4,2.8,44.0
2024-04-10,12.0,2.7,21.4,1.9,60.0
2024-04-11,16.4,7.0,25.8,3.6,53.0
2024-04-12,15.5,5.0,26.0,1.4,54.0
2024-04-13,17.4,6.5,28.3,1.9,51.0
2024-04-14,17.6,7.3,27.9,1.7,53.0
2024-04-15,17.200000000000003,9.450000000000001,29.4,1.9,56.0
2024-04-16,16.8,7.1,26.6,2.8,49.0
2024-04-17,14.4,7.2,21.7,3.6,44.0
2024-04-18,13.2,4.5,21.9,3.3,47.0
2024-04-19,13.1,2.6,23.6,2.2,50.0
2024-04-20,15.2,5.6,24.9,3.6,44.0
2024-04-21,15.0,5.6,24.3,1.9,41.0
2024-04-22,11.8,5.4,18.2,5.0,36.0
2024-04-23,9.0,-0.1,18.1,3.6,44.0
2024-04-24,9.8,0.34999999999999964,19.6,2.5,42.0
2024-04-25,11.4,3.1,19.7,3.1,48.0
2024-04-26,11.4,5.0,17.8,3.1,59.0
2024-04-27,10.4,5.4,15.5,5.3,74.0
2024-04-28,10.4,2.1,18.6,1.9,57.0
2024-04-29,12.3,4.4,20.2,1.1,60.0
2024-04-30,12.0,5.0,19.1,3.3,59.0
2024-05-01,10.1,3.8,16.4,3.6,61.0
2024-05-02,10.55,0.39999999999999947,16.3,3.1,59.0
2024-05-03,11.0,1.9,20.1,2.5,55.0
2024-05-04,14.9,5.8,24.0,4.2,52.0
2024-05-05,16.4,10.4,21.0,4.2,68.0
2024-05-06,14.4,7.5,21.4,1.9,63.0
2024-05-07,14.2,5.3,23.0,2.8,53.0
2024-05-08,15.9,5.7,26.1,2.2,45.0
2024-05-09,17.2,6.9,27.4,1.4,47.0
2024-05-10,20.0,10.0,28.55,1.9,44.0
2024-05-11,19.6,9.8,29.3,2.8,43.0
2024-05-12,19.0,9.5,28.6,1.1,50.0
2024-05-13,19.4,10.7,28.1,4.7,50.0
2024-05-14,15.0,9.5,20.6,3.9,50.0
2024-05-15,13.4,6.9,20.0,2.8,44.0
2024-05-16,13.4,7.0,19.7,4.2,50.0
2024-05-17,16.4,11.3,21.4,3.9,53.0
2024-05-18,14.8,6.2,23.5,1.9,49.0
2024-05-19,14.5,5.1,23.9,3.1,57.0
2024-05-20,13.2,4.2,22.1,3.1,54.0
2024-05-21,15.4,8.8,21.9,3.9,61.0
2024-05-22,14.4,6.4,22.3,2.8,50.0
2024-05-23,16.2,5.8,26.5,2.8,42.0
2024-05-24,18.2,7.8,28.6,2.2,41.0
2024-05-25,19.8,9.3,30.3,3.9,34.0
2024-05-26,19.4,8.0,30.7,3.6,37.0
2024-05-27,20.9,10.2,31.6,1.7,42.0
2024-05-28,22.0,12.1,31.8,1.7,45.0
2024-05-29,24.0,14.0,34.1,1.4,38.0
2024-05-30,24.5,14.6,34.4,3.1,39.0
2024-05-31,21.2,12.5,29.9,5.6,31.0
2024-06-01,18.7,10.3,27.1,6.1,38.0
2024-06-02,19.4,10.0,28.9,3.9,37.0
2024-06-03,21.4,11.6,31.2,2.2,39.0
2024-06-04,22.5,12.8,32.2,2.2,43.0
2024-06-05,24.6,14.1,35.1,2.2,35.0
2024-06-06,26.4,16.2,36.7,2.5,33.0
2024-06-07,26.8,16.900000000000006,36.0,3.3,35.0
2024-06-08,21.1,15.5,26.7,3.3,56.5
2024-06-09,19.9,14.0,25.8,2.5,56.5
2024-06-10,15.7,12.8,23.45,3.3,56.5
2024-06-11,18.2,9.5,26.9,3.6,46.0
2024-06-12,18.2,11.0,25.5,4.4,46.0
2024-06-13,19.4,9.5,29.3,3.1,43.0
2024-06-14,21.0,10.4,31.7,4.4,36.0
2024-06-15,21.7,12.7,30.7,2.5,34.0
2024-06-16,20.6,9.5,31.6,3.9,31.0
2024-06-17,22.0,12.0,31.9,2.2,34.0
2024-06-18,20.4,12.8,28.0,4.4,49.0
2024-06-19,19.0,10.8,27.2,3.9,59.0
2024-06-20,17.2,12.5,22.0,1.9,59.0
2024-06-21,19.8,10.2,29.3,1.7,47.0
2024-06-22,21.6,11.1,32.1,2.8,41.0
2024-06-23,23.2,15.0,31.5,3.6,45.0
2024-06-24,24.4,14.7,34.0,1.9,42.0
2024-06-25,26.5,16.5,36.5,2.2,41.0
2024-06-26,25.4,18.1,32.7,2.2,48.0
2024-06-27,27.9,19.1,36.7,3.6,37.0
2024-06-28,23.2,15.5,30.8,3.9,51.0
2024-06-29,20.2,15.7,25.699999999999996,4.2,61.5
2024-06-30,21.6,14.7,28.4,1.9,53.0
2024-07-01,22.7,14.4,31.0,2.5,43.0
2024-07-02,23.0,13.2,32.8,3.9,42.0
2024-07-03,23.8,12.2,35.3,1.9,33.0
2024-07-04,27.3,16.5,38.1,1.9,28.0
2024-07-05,28.8,18.1,39.4,2.8,33.0
2024-07-06,26.3,17.6,35.0,4.2,43.0
2024-07-07,23.9,14.8,33.0,3.6,40.0
2024-07-08,25.0,15.7,34.3,3.3,33.0
2024-07-09,24.6,15.0,34.2,2.8,31.0
2024-07-10,25.8,15.5,36.0,3.3,40.0
2024-07-11,27.1,17.2,37.0,4.4,38.0
2024-07-12,25.4,15.6,35.2,2.2,31.0
2024-07-13,25.2,15.0,35.3,4.4,33.0
2024-07-14,26.4,18.6,34.1,5.0,19.0
2024-07-15,24.2,16.5,31.9,5.8,42.0
2024-07-16,23.8,13.1,34.4,2.2,30.0
2024-07-17,26.6,16.1,37.2,3.3,34.0
2024-07-18,27.2,17.9,36.5,2.2,32.0
2024-07-19,28.0,16.7,39.2,4.2,27.0
2024-07-20,26.6,16.4,36.8,4.2,29.0
2024-07-21,26.5,19.4,33.6,3.1,31.0
2024-07-22,25.0,12.6,37.3,1.9,24.0
2024-07-23,29.2,18.4,40.1,1.7,28.0
2024-07-24,30.8,20.4,41.3,1.9,28.0
2024-07-25,30.3,21.2,41.3,2.8,27.0
2024-07-26,29.8,20.2,39.4,2.5,32.0
2024-07-27,30.7,21.8,39.6,1.9,33.0
2024-07-28,29.95,21.2,40.7,3.6,27.0
2024-07-29,29.2,20.5,38.0,2.2,34.0
2024-07-30,30.2,20.1,40.4,4.2,34.0
2024-07-31,29.6,20.6,38.7,3.6,29.0
2024-08-01,27.5,15.7,39.3,3.3,27.0
2024-08-02,26.4,16.5,36.4,3.3,35.0
2024-08-03,28.0,17.9,38.0,3.1,36.0
2024-08-04,29.4,19.7,39.0,1.9,30.0
2024-08-05,29.8,19.8,39.7,3.6,26.0
2024-08-06,29.2,18.8,39.5,3.3,27.0
2024-08-07,29.2,18.8,39.6,3.1,33.0
2024-08-08,29.9,19.2,40.6,1.9,31.0
2024-08-09,31.0,20.4,41.6,2.2,29.0
2024-08-10,30.4,20.5,40.4,3.3,27.0
2024-08-11,30.1,20.2,40.0,3.1,28.0
2024-08-12,28.15,23.1,38.3,2.5,30.0
2024-08-13,26.2,19.2,33.349999999999994,3.1,43.0
2024-08-14,24.3,16.05,33.3,3.6,47.0
2024-08-15,22.4,14.699999999999998,33.25,4.2,37.0
2024-08-16,25.0,15.200000000000003,35.6,1.4,35.0
2024-08-17,26.5,16.1,36.9,2.8,32.0
2024-08-18,27.6,19.6,35.5,3.1,39.0
2024-08-19,26.4,16.3,36.5,1.9,34.0
2024-08-20,27.4,16.8,37.9,1.7,28.0
2024-08-21,28.6,19.3,38.0,3.3,37.0
2024-08-22,29.5,21.1,37.9,2.8,37.0
2024-08-23,27.4,16.8,38.1,5.0,41.0
2024-08-24,28.0,19.0,37.0,3.3,36.0
2024-08-25,27.4,18.7,36.2,3.1,41.0
2024-08-26,27.3,19.6,35.0,2.2,42.0
2024-08-27,27.6,18.0,37.1,2.5,37.0
2024-08-28,27.6,17.8,37.4,2.8,37.0
2024-08-29,25.0,20.4,29.5,2.8,54.5
2024-08-30,24.9,17.8,32.0,1.1,53.0
2024-08-31,22.8,16.8,28.8,2.8,53.0
2024-09-01,25.6,19.5,31.8,2.5,53.0
2024-09-02,25.7,18.5,32.9,2.5,53.0
2024-09-03,25.2,18.2,32.1,2.2,54.0
2024-09-04,21.6,15.8,27.3,3.9,55.0
2024-09-05,19.6,11.1,28.0,1.4,53.0
2024-09-06,20.7,13.7,27.7,4.2,41.0
2024-09-07,17.6,7.7,27.6,2.2,39.0
2024-09-08,19.8,10.6,29.0,3.1,43.0
2024-09-09,20.0,9.8,30.3,1.7,43.0
2024-09-10,22.6,13.5,31.8,1.7,44.0
2024-09-11,21.8,12.7,31.0,3.1,38.0
2024-09-12,20.7,12.8,28.6,1.9,46.0
2024-09-13,17.8,11.7,24.0,5.6,41.0
2024-09-14,18.9,9.6,28.2,1.4,43.0
2024-09-15,20.9,10.1,31.7,1.7,35.0
2024-09-16,19.8,9.2,30.3,5.0,27.0
2024-09-17,21.0,13.1,28.9,3.6,35.0
2024-09-18,20.6,12.0,29.1,3.6,55.0
2024-09-19,18.2,13.3,23.0,1.9,69.0
2024-09-20,17.9,12.8,23.0,0.6,69.0
2024-09-21,19.9,15.3,24.5,3.1,69.0
2024-09-22,18.4,11.0,25.8,1.9,60.0
2024-09-23,18.4,11.2,25.6,1.9,55.0
2024-09-24,16.6,9.5,23.7,3.1,55.0
2024-09-25,19.8,15.3,24.2,4.2,68.0
2024-09-26,20.2,16.4,23.9,7.2,69.0
2024-09-27,16.2,9.5,22.9,3.9,50.0
2024-09-28,13.9,5.9,21.9,2.8,49.0
2024-09-29,16.4,6.6,26.3,1.4,47.0
2024-09-30,19.3,9.0,29.6,1.4,43.0
2024-10-01,19.5,9.7,29.3,1.9,45.0
2024-10-02,19.8,13.5,26.2,2.2,70.0
2024-10-03,18.8,12.5,25.0,2.5,50.0
2024-10-04,16.4,8.0,24.7,1.1,57.0
2024-10-05,17.8,8.3,27.4,2.5,62.0
2024-10-06,20.6,16.7,24.6,3.3,62.0
2024-10-07,19.1,13.5,24.7,3.1,66.0
2024-10-08,15.6,12.5,19.10000000000001,3.9,83.0
2024-10-09,17.2,14.5,19.9,6.7,83.0
2024-10-10,13.9,7.4,20.4,1.4,64.0
2024-10-11,13.5,6.3,20.7,2.2,64.0
2024-10-12,15.4,12.6,18.1,2.2,87.0
2024-10-13,18.4,11.5,25.2,0.8,73.0
2024-10-14,18.2,13.7,22.7,1.1,80.0
2024-10-15,19.4,16.25,22.4,4.4,76.0
2024-10-16,19.0,15.1,22.9,3.9,77.0
2024-10-17,13.6,9.8,17.3,2.8,75.0
2024-10-18,12.0,5.3,18.8,1.7,66.0
2024-10-19,16.3,10.1,22.5,1.1,70.0
2024-10-20,16.4,9.7,23.0,0.6,76.0
2024-10-21,17.3,9.6,25.0,0.8,71.0
2024-10-22,17.4,11.4,23.5,0.8,73.0
2024-10-23,16.4,12.1,20.8,0.8,73.0
2024-10-24,16.8,12.4,21.1,0.0,77.0
2024-10-25,14.7,11.3,18.1,1.7,75.0
2024-10-26,9.9,5.3,15.549999999999995,1.4,74.0
2024-10-27,8.9,4.349999999999998,15.250000000000007,3.9,73.0
2024-10-28,15.0,9.3,20.8,3.9,73.0
2024-10-29,12.9,9.6,16.2,5.8,82.0
2024-10-30,15.8,9.6,22.0,3.9,67.0
2024-10-31,15.7,9.3,22.1,1.4,73.0
2024-11-01,16.1,11.1,21.1,1.1,75.0
2024-11-02,13.0,8.6,17.4,1.9,80.0
2024-11-03,15.2,9.2,21.2,1.1,72.0
2024-11-04,14.0,9.0,19.1,0.8,77.0
2024-11-05,14.4,8.4,20.5,0.6,78.0
2024-11-06,15.6,8.7,22.5,1.4,73.0
2024-11-07,14.5,7.8,21.2,0.8,76.0
2024-11-08,12.2,7.7,16.8,0.0,82.0
2024-11-09,12.6,6.1,19.2,1.1,80.0
2024-11-10,11.4,4.1,18.7,1.4,74.0
2024-11-11,11.9,5.7,18.1,3.3,68.0
2024-11-12,9.2,3.3,15.2,2.8,64.0
2024-11-13,6.4,2.8,11.25,3.9,77.0
2024-11-14,13.4,8.4,18.5,1.7,74.0
2024-11-15,13.0,8.1,18.0,1.1,71.0
2024-11-16,10.8,5.8,15.7,1.1,78.0
2024-11-17,13.0,4.7,21.4,1.1,75.0
2024-11-18,13.6,6.7,20.5,1.1,73.0
2024-11-19,10.2,4.8,15.7,1.4,85.0
2024-11-20,12.2,6.2,18.2,1.7,71.0
2024-11-21,11.7,8.9,14.5,5.0,79.0
2024-11-22,11.4,6.1,16.8,0.8,71.0
2024-11-23,11.6,7.2,15.9,0.3,82.0
2024-11-24,12.8,7.2,18.4,2.2,68.0
2024-11-25,10.0,2.3,17.8,3.9,70.0
2024-11-26,7.4,1.4,13.3,1.1,78.0
2024-11-27,7.8,-0.4,16.0,0.6,73.0
2024-11-28,8.0,-0.6,16.6,0.8,77.0
2024-11-29,10.0,2.3,17.8,1.4,79.0
2024-11-30,10.6,2.5,18.6,0.8,79.0
2024-12-01,10.8,4.3,17.3,1.1,81.0
2024-12-02,11.0,5.5,16.5,0.8,82.0
2024-12-03,9.8,3.4,16.1,1.4,78.0
2024-12-04,8.4,2.2,14.7,3.1,63.0
2024-12-05,9.1,2.2,16.0,1.1,67.0
2024-12-06,10.4,2.7,18.1,0.6,76.0
2024-12-07,9.6,2.0,17.3,3.6,68.0
2024-12-08,8.6,5.6,11.7,5.0,58.0
2024-12-09,5.8,1.6,10.0,3.9,58.0
2024-12-10,5.4,-0.7,11.5,1.4,62.0
2024-12-11,5.6,3.3,7.9,2.2,65.0
2024-12-12,4.8,-1.7,11.2,1.4,73.0
2024-12-13,4.4,-1.0,9.9,1.4,79.0
2024-12-14,3.7,-2.5,9.9,0.8,86.0
2024-12-15,3.8,-4.9,12.6,1.4,73.0
2024-12-16,4.8,-3.9,13.4,1.7,69.0
2024-12-17,4.2,-3.8,12.3,0.8,71.0
2024-12-18,6.5,-1.0,14.0,0.8,72.0
2024-12-19,8.4,0.7,16.1,2.2,79.0
2024-12-20,3.8,-3.7,11.4,1.7,69.0
2024-12-21,4.1,-6.1,14.3,1.1,68.0
2024-12-22,5.2,-3.2,13.7,0.8,74.0
2024-12-23,5.5,-1.1,12.1,2.8,62.0
2024-12-24,8.0,-0.7,16.7,2.2,67.0
2024-12-25,9.4,-0.2,16.699999999999996,0.6,70.0
2024-12-26,7.7,-1.3,16.7,0.8,74.0
2024-12-27,7.4,0.3,14.6,1.1,73.0
2024-12-28,5.5,-1.9,12.9,0.8,75.0
2024-12-29,6.1,-1.7,13.9,1.4,74.0
2024-12-30,5.6,-2.4,13.6,1.1,72.0
2024-12-31,5.3,-3.6,14.2,1.1,69.0
2025-01-01,4.1,-3.5,11.7,0.8,74.0
2025-01-02,4.8,-2.9,12.4,0.8,75.0
2025-01-03,3.0,-2.5,9.45,1.4,83.0
2025-01-04,3.2,-0.6,9.3,0.3,83.5
2025-01-05,7.7,3.450000000000001,11.6,3.9,78.0
2025-01-06,6.2,0.6,11.8,2.8,71.0
2025-01-07,3.4,-3.1,10.0,3.1,80.0
2025-01-08,10.2,4.800000000000001,11.9,4.4,75.0
2025-01-09,9.8,4.9,14.8,4.4,82.0
2025-01-10,8.7,4.2,13.2,0.3,85.0
2025-01-11,13.4,7.4,15.649999999999999,1.9,69.0
2025-01-12,7.0,-1.4,15.4,3.1,60.0
2025-01-13,2.6,-8.4,13.5,1.1,49.5
2025-01-14,3.6,-6.2,13.5,0.8,46.5
2025-01-15,1.8,-8.8,12.5,0.6,51.0
2025-01-16,4.4,-5.9,14.8,1.9,55.0
2025-01-17,5.4,-1.6,12.4,2.5,62.0
2025-01-18,3.8,-5.0,12.7,0.6,64.0
2025-01-19,3.1,-5.2,11.4,1.9,68.0
2025-01-20,4.6,1.5,9.399999999999999,0.6,92.0
2025-01-21,9.4,6.3,12.5,1.9,94.0
2025-01-22,11.2,9.7,12.6,4.4,81.0
2025-01-23,11.3,7.3,15.3,1.1,88.0
2025-01-24,10.6,7.3,14.0,2.2,85.0
2025-01-25,9.6,7.2,12.0,2.5,87.0
2025-01-26,9.8,5.6,14.0,3.6,79.0
2025-01-27,10.8,6.8,14.7,6.7,84.0
2025-01-28,8.6,5.3,12.0,5.6,64.0
2025-01-29,5.2,2.0,8.5,4.4,87.0
2025-01-30,6.2,1.4,11.0,4.2,68.0
2025-01-31,5.0,-2.0,12.1,1.1,59.0
2025-02-01,5.9,-2.9,14.7,1.1,66.0
2025-02-02,4.0,-3.4,11.3,0.8,69.0
2025-02-03,6.6,0.0,13.3,0.8,66.0
2025-02-04,7.0,-1.3,15.2,1.7,62.0
2025-02-05,7.2,-1.8,16.1,1.4,58.0
2025-02-06,6.2,-2.9,15.4,1.7,60.0
2025-02-07,4.0,-2.1,10.2,2.8,84.0
2025-02-08,6.1,0.1,12.1,1.4,75.0
2025-02-09,8.2,0.7,15.8,1.1,77.0
2025-02-10,10.4,5.3,15.5,1.1,75.0
