fecha,tmed,tmin,tmax,hrMedia
2019-01-01,5.7,1.5,9.9,90.0
2019-01-02,7.9,6.0,9.8,76.0
2019-01-03,6.1,1.7,10.5,77.0
2019-01-04,4.9,-1.4,11.2,75.0
2019-01-05,6.1,0.0,12.2,74.0
2019-01-06,5.0,-1.0,11.0,81.0
2019-01-07,4.9,-0.2,10.0,76.0
2019-01-08,6.2,0.9,11.6,79.0
2019-01-09,7.6,5.1,10.2,88.0
2019-01-10,6.0,2.2,9.9,77.0
2019-01-11,4.8,0.7,8.9,74.0
2019-01-12,6.0,2.1,9.8,80.0
2019-01-13,9.4,5.6,13.1,75.0
2019-01-14,8.1,4.1,12.1,76.0
2019-01-15,8.0,3.4,12.6,84.0
2019-01-16,8.3,3.3,13.3,75.0
2019-01-17,8.1,5.6,10.6,83.0
2019-01-18,8.4,5.5,11.4,69.0
2019-01-19,8.8,7.3,10.3,93.0
2019-01-20,10.2,8.1,12.2,81.0
2019-01-21,9.0,6.1,11.8,86.0
2019-01-22,8.7,6.9,10.5,87.0
2019-01-23,10.6,9.7,11.4,96.0
2019-01-24,11.0,10.2,11.7,97.0
2019-01-25,10.3,8.2,12.4,90.0
2019-01-26,9.1,6.0,12.2,83.0
2019-01-27,9.2,7.5,11.0,77.0
2019-01-28,9.8,8.3,11.3,85.0
2019-01-29,9.5,6.3,12.7,75.0
2019-01-30,9.1,5.9,12.3,74.0
2019-01-31,12.0,8.7,15.2,84.0
2019-02-01,7.2,4.4,10.1,74.0
2019-02-02,7.1,3.5,10.7,74.5
2019-02-03,7.0,2.6,11.3,75.0
2019-02-04,8.6,3.4,13.9,61.0
2019-02-05,12.0,8.0,15.9,70.0
2019-02-06,9.8,6.4,13.1,82.0
2019-02-07,9.4,5.8,13.0,77.0
2019-02-08,10.1,3.4,16.8,65.0
2019-02-09,13.3,9.2,17.4,55.0
2019-02-10,11.5,6.7,16.3,83.0
2019-02-11,8.6,4.4,12.8,74.0
2019-02-12,8.6,3.2,13.9,75.0
2019-02-13,9.6,3.8,15.5,63.0
2019-02-14,11.8,6.0,17.6,69.0
2019-02-15,13.9,9.1,18.7,50.0
2019-02-16,13.6,7.0,20.1,59.0
2019-02-17,12.2,7.9,16.6,63.0
2019-02-18,8.4,6.3,10.5,94.0
2019-02-19,7.6,3.5,11.8,84.0
2019-02-20,9.0,4.4,13.7,79.0
2019-02-21,12.9,6.5,19.3,58.0
2019-02-22,13.7,9.4,18.0,55.0
2019-02-23,13.8,8.3,19.3,58.0
2019-02-24,12.4,6.2,18.5,75.0
2019-02-25,13.4,6.7,20.0,64.0
2019-02-26,15.4,8.7,22.2,60.0
2019-02-27,13.3,8.4,18.2,61.0
2019-02-28,11.3,6.6,16.0,66.0
2019-03-01,10.8,6.9,14.6,82.0
2019-03-02,13.3,8.5,18.1,63.0
2019-03-03,16.5,7.7,25.3,48.0
2019-03-04,12.2,9.0,15.3,57.0
2019-03-05,12.6,5.6,19.6,56.0
2019-03-06,12.0,7.7,16.3,65.0
2019-03-07,11.8,6.9,16.8,65.0
2019-03-08,10.2,6.6,13.8,78.0
2019-03-09,15.4,10.4,20.3,74.0
2019-03-10,12.8,9.3,16.4,88.0
2019-03-11,10.1,6.4,13.8,77.0
2019-03-12,12.4,5.8,19.1,81.0
2019-03-13,9.0,5.9,12.1,81.0
2019-03-14,10.0,7.0,13.1,73.0
2019-03-15,9.4,4.7,14.1,73.0
2019-03-16,8.8,4.3,13.3,83.0
2019-03-17,9.0,5.4,12.7,74.0
2019-03-18,8.4,4.1,12.7,73.0
2019-03-19,10.1,7.0,13.2,85.0
2019-03-20,10.0,6.6,13.4,76.0
2019-03-21,8.7,2.9,14.5,72.0
2019-03-22,10.4,4.6,16.3,72.0
2019-03-23,12.1,6.2,18.0,68.0
2019-03-24,11.2,6.8,15.6,84.0
2019-03-25,11.7,9.0,14.4,78.0
2019-03-26,9.6,5.8,13.3,65.0
2019-03-27,9.8,5.1,14.5,72.0
2019-03-28,8.6,2.4,14.9,75.0
2019-03-29,9.2,3.5,15.0,83.0
2019-03-30,10.7,6.8,14.6,91.0
2019-03-31,11.8,7.0,16.6,83.0
2019-04-01,10.2,5.7,14.8,86.0
2019-04-01,10.2,5.7,14.8,86.0
2019-04-02,10.5,7.5,13.5,84.0
2019-04-03,7.4,4.1,10.8,78.0
2019-04-04,8.6,3.8,13.5,70.0
2019-04-05,10.2,6.2,14.2,67.0
2019-04-06,8.1,4.2,12.0,89.0
2019-04-07,10.6,7.1,14.1,70.0
2019-04-08,11.6,7.3,15.9,79.0
2019-04-09,12.5,7.9,17.1,65.0
2019-04-10,11.0,8.0,14.0,84.0
2019-04-11,10.0,6.0,14.1,86.0
2019-04-12,10.4,5.1,15.6,81.0
2019-04-13,13.2,7.6,18.7,70.0
2019-04-14,17.0,13.1,21.0,70.0
2019-04-15,12.8,8.4,17.3,83.0
2019-04-16,12.0,7.5,16.4,78.0
2019-04-17,15.0,9.5,20.5,71.0
2019-04-18,12.6,9.3,16.0,86.0
2019-04-19,13.8,10.2,17.5,82.0
2019-04-20,12.6,8.0,17.3,82.0
2019-04-21,12.0,8.4,15.5,89.0
2019-04-22,13.2,7.4,19.1,69.0
2019-04-23,10.8,7.1,14.6,71.0
2019-04-24,11.2,5.0,17.4,73.0
2019-04-25,13.2,8.2,18.1,57.0
2019-04-26,12.0,9.2,14.8,70.0
2019-04-27,12.0,9.0,15.1,78.0
2019-04-28,11.7,7.2,16.2,77.0
2019-04-29,12.3,6.7,17.9,77.0
2019-04-30,11.5,8.0,15.0,87.0
2019-05-01,12.0,8.5,15.5,81.0
2019-05-02,11.4,7.6,15.1,80.0
2019-05-03,10.6,6.0,15.1,77.0
2019-05-04,10.6,5.5,15.6,79.0
2019-05-05,9.6,5.5,13.7,57.0
2019-05-06,9.4,4.1,14.8,81.0
2019-05-07,14.9,10.5,19.3,73.0
2019-05-08,16.6,12.3,20.8,53.0
2019-05-09,12.4,9.8,15.0,80.0
2019-05-10,15.8,12.6,19.1,85.0
2019-05-11,12.8,9.3,16.2,82.0
2019-05-12,12.6,7.5,17.6,76.0
2019-05-13,12.4,7.2,17.6,67.0
2019-05-14,12.7,5.3,20.1,67.0
2019-05-15,14.6,7.8,21.3,73.0
2019-05-16,13.5,10.5,16.5,92.0
2019-05-17,11.5,8.5,14.5,85.0
2019-05-18,10.7,8.2,13.2,82.0
2019-05-19,12.4,9.0,15.8,78.0
2019-05-20,11.5,7.1,15.9,79.0
2019-05-21,12.3,7.8,16.8,80.0
2019-05-22,14.2,8.3,20.0,78.0
2019-05-23,15.4,12.6,18.2,85.0
2019-05-24,14.1,11.5,16.7,83.0
2019-05-25,13.8,10.9,16.7,79.0
2019-05-26,12.8,9.8,15.7,86.0
2019-05-27,13.2,11.1,15.4,92.0
2019-05-28,13.6,9.9,17.2,81.0
2019-05-29,15.0,10.6,19.4,73.0
2019-05-30,18.2,11.4,25.0,61.0
2019-05-31,20.6,12.5,28.7,56.0
2019-06-01,20.5,17.5,23.5,59.0
2019-06-02,16.6,13.2,20.1,84.0
2019-06-03,16.9,15.1,18.7,96.0
2019-06-04,15.6,12.1,19.2,79.0
2019-06-05,12.8,9.6,16.1,81.0
2019-06-06,14.8,7.4,22.3,69.0
2019-06-07,13.1,9.8,16.4,74.0
2019-06-08,12.3,7.9,16.7,80.0
2019-06-09,12.6,10.1,15.0,87.0
2019-06-10,12.6,8.4,16.7,81.0
2019-06-11,13.6,11.0,16.3,75.0
2019-06-12,13.0,9.2,16.8,75.0
2019-06-13,12.8,9.6,15.9,81.0
2019-06-14,13.2,9.7,16.8,81.0
2019-06-15,15.2,12.0,18.3,74.0
2019-06-16,15.3,11.2,19.4,77.0
2019-06-17,16.2,14.7,17.6,86.0
2019-06-18,17.0,13.1,20.8,86.0
2019-06-19,16.5,13.4,19.6,91.0
2019-06-20,15.4,14.0,16.8,93.0
2019-06-21,15.9,12.9,18.9,80.0
2019-06-22,17.4,11.4,23.4,85.0
2019-06-23,17.4,15.1,19.7,88.0
2019-06-24,16.3,15.0,17.6,98.0
2019-06-25,17.6,15.5,19.8,95.0
2019-06-26,19.2,16.4,22.0,92.0
2019-06-27,18.7,15.7,21.7,79.0
2019-06-28,18.25,15.85,20.6,83.5
2019-06-29,17.8,16.0,19.5,88.0
2019-06-30,18.4,16.4,20.4,86.0
2019-07-01,18.4,15.8,21.1,82.0
2019-07-02,17.4,15.6,19.3,91.0
2019-07-03,19.3,16.5,22.1,88.0
2019-07-04,19.4,16.5,22.3,94.0
2019-07-05,19.0,16.4,21.5,93.0
2019-07-06,18.6,16.4,20.8,86.0
2019-07-07,18.0,15.1,20.8,85.0
2019-07-08,17.9,15.149999999999999,20.8,88.0
2019-07-09,17.8,15.2,20.5,85.0
2019-07-10,18.0,13.5,22.6,81.0
2019-07-11,17.7,14.3,21.1,87.0
2019-07-12,18.9,14.3,23.5,81.0
2019-07-13,20.4,17.8,23.1,87.0
2019-07-14,20.0,17.4,22.7,90.0
2019-07-15,20.2,16.2,24.1,81.0
2019-07-16,17.9,13.6,22.2,82.0
2019-07-17,18.2,16.3,20.2,88.0
2019-07-18,18.0,15.0,20.9,82.0
2019-07-19,19.4,15.7,23.1,82.0
2019-07-20,20.1,16.9,23.3,87.0
2019-07-21,19.6,17.7,21.5,94.0
2019-07-22,21.2,19.3,23.0,89.0
2019-07-23,20.2,17.7,22.7,90.0
2019-07-24,21.3,16.9,25.7,86.0
2019-07-25,21.6,17.6,25.7,88.0
2019-07-26,18.2,15.5,20.9,84.0
2019-07-27,17.2,14.4,20.0,87.0
2019-07-28,17.9,13.0,22.8,76.0
2019-07-29,19.7,15.1,24.3,74.0
2019-07-30,17.6,14.3,20.8,69.0
2019-07-31,16.4,11.9,21.0,75.0
2019-08-01,18.8,15.9,21.8,88.0
2019-08-02,18.9,14.2,23.6,79.0
2019-08-03,19.8,16.9,22.8,89.0
2019-08-04,19.4,16.8,22.1,89.0
2019-08-05,19.9,16.5,23.3,81.0
2019-08-06,19.6,16.3,23.0,84.0
2019-08-07,21.0,16.8,25.2,89.0
2019-08-08,24.4,19.7,29.2,78.0
2019-08-09,23.6,19.3,27.9,56.0
2019-08-10,19.7,16.8,22.6,69.0
2019-08-11,17.6,13.5,21.7,76.0
2019-08-12,16.6,12.3,21.0,73.0
2019-08-13,17.0,12.2,21.8,75.0
2019-08-14,19.0,13.8,24.2,80.0
2019-08-15,18.0,14.1,21.8,73.0
2019-08-16,17.2,13.1,21.3,82.0
2019-08-17,21.3,16.1,26.5,72.0
2019-08-18,17.8,15.6,20.1,83.0
2019-08-19,18.0,14.7,21.3,73.0
2019-08-20,18.6,14.7,22.4,75.0
2019-08-21,19.0,14.2,23.7,80.0
2019-08-22,20.2,14.4,25.9,70.0
2019-08-23,24.2,15.4,33.0,63.0
2019-08-24,19.0,18.0,20.1,85.0
2019-08-25,19.4,17.5,21.3,91.0
2019-08-26,20.8,18.7,23.0,91.0
2019-08-27,20.0,18.2,21.8,92.0
2019-08-28,19.4,18.2,20.5,90.0
2019-08-29,19.6,17.3,21.8,94.0
2019-08-30,19.6,15.9,23.4,87.0
2019-08-31,19.6,17.6,21.7,92.0
2019-09-01,16.1,13.8,18.4,93.0
2019-09-02,18.0,14.6,21.4,72.0
2019-09-03,17.4,11.7,23.2,72.0
2019-09-04,17.1,12.9,21.3,85.0
2019-09-05,16.6,13.7,19.6,82.0
2019-09-06,16.0,11.6,20.4,74.0
2019-09-07,14.7,9.6,19.8,78.0
2019-09-08,16.4,12.1,20.7,78.0
2019-09-09,16.6,13.8,19.3,84.0
2019-09-10,15.6,12.7,18.4,80.0
2019-09-11,16.4,12.3,20.5,82.0
2019-09-12,16.8,11.8,21.9,81.0
2019-09-13,18.5,14.1,22.9,87.0
2019-09-14,18.6,15.4,21.9,92.0
2019-09-15,19.2,16.7,21.6,90.0
2019-09-16,19.4,16.8,21.9,93.0
2019-09-17,20.6,17.4,23.8,94.0
2019-09-18,19.6,16.3,22.8,89.0
2019-09-19,18.6,14.7,22.6,84.0
2019-09-20,15.4,10.5,20.3,97.0
2019-09-21,20.8,14.9,26.7,84.0
2019-09-22,18.2,13.2,23.2,62.0
2019-09-23,16.8,13.3,20.3,89.0
2019-09-24,18.6,15.3,22.0,80.0
2019-09-25,17.6,14.8,20.4,74.0
2019-09-26,17.0,12.1,21.9,74.0
2019-09-27,18.0,15.9,20.0,85.0
2019-09-28,15.8,12.2,19.5,79.0
2019-09-29,19.8,12.8,26.8,68.0
2019-09-30,20.1,14.7,25.5,83.0
2019-10-01,18.9,16.1,21.7,71.0
2019-10-01,18.9,16.1,21.7,71.0
2019-10-02,16.8,13.5,20.1,80.0
2019-10-03,17.6,12.5,22.8,72.0
2019-10-04,16.7,15.0,18.4,84.0
2019-10-05,16.4,14.3,18.6,80.0
2019-10-06,16.6,13.0,20.3,80.0
2019-10-07,17.8,12.5,23.0,73.0
2019-10-08,17.6,13.6,21.6,91.0
2019-10-09,15.5,11.9,19.1,72.0
2019-10-10,15.0,10.5,19.4,73.0
2019-10-11,15.0,11.1,18.9,85.0
2019-10-12,17.9,14.1,21.7,81.0
2019-10-13,16.4,13.6,19.3,90.0
2019-10-14,13.3,10.9,15.7,68.0
2019-10-15,16.0,11.5,20.4,61.0
2019-10-16,18.1,13.4,22.8,83.0
2019-10-17,16.2,13.0,19.5,84.0
2019-10-18,14.0,11.45,16.6,69.0
2019-10-19,11.8,9.9,13.7,96.0
2019-10-20,12.6,9.5,15.6,85.0
2019-10-21,11.6,8.2,15.1,78.0
2019-10-22,11.3,6.4,16.2,88.0
2019-10-23,13.2,11.9,14.4,77.0
2019-10-24,15.2,11.7,18.8,73.0
2019-10-25,15.5,11.9,19.1,88.0
2019-10-26,17.4,12.0,22.7,61.0
2019-10-27,19.2,15.5,22.8,67.0
2019-10-28,18.4,14.2,22.5,63.0
2019-10-29,18.3,14.3,22.3,77.0
2019-10-30,18.0,14.8,21.3,86.0
2019-10-31,17.8,14.3,21.4,91.0
2019-11-01,20.1,16.0,24.2,70.0
2019-11-02,16.5,15.1,17.9,63.0
2019-11-03,14.7,10.3,19.1,64.0
2019-11-04,14.8,10.9,18.8,68.0
2019-11-05,12.8,10.5,15.0,81.0
2019-11-06,13.2,10.0,16.5,75.0
2019-11-07,8.8,6.3,11.4,74.0
2019-11-08,9.4,5.6,13.3,84.0
2019-11-09,12.7,9.0,16.4,82.0
2019-11-10,10.0,8.0,11.9,82.0
2019-11-11,11.1,8.5,13.7,81.0
2019-11-12,10.8,8.8,12.8,89.0
2019-11-13,10.6,7.6,13.5,77.0
2019-11-14,7.8,5.8,9.7,73.0
2019-11-15,8.4,6.4,10.4,75.0
2019-11-16,8.5,5.3,11.7,75.0
2019-11-17,10.2,8.5,12.0,82.0
2019-11-18,9.4,6.6,12.2,91.0
2019-11-19,8.6,3.9,13.2,73.0
2019-11-20,10.2,7.2,13.1,83.0
2019-11-21,11.3,7.6,15.0,61.0
2019-11-22,11.7,7.1,16.3,74.0
2019-11-23,10.4,9.1,11.7,81.0
2019-11-24,12.7,9.5,15.9,73.0
2019-11-25,13.1,10.4,15.8,83.0
2019-11-26,15.4,11.1,19.7,74.0
2019-11-27,13.2,11.0,15.5,64.0
2019-11-28,13.2,12.1,14.4,84.0
2019-11-29,12.9,9.6,16.2,83.0
2019-11-30,12.4,8.8,16.0,69.0
2019-12-01,9.4,8.0,10.8,85.0
2019-12-02,8.3,6.3,10.3,73.0
2019-12-03,6.6,3.0,10.3,74.0
2019-12-04,6.8,1.6,11.9,79.0
2019-12-05,9.2,6.7,11.7,97.0
2019-12-06,10.0,7.0,12.9,84.0
2019-12-07,12.4,8.8,16.0,74.0
2019-12-08,11.8,8.8,14.7,88.0
2019-12-09,10.2,7.0,13.4,71.0
2019-12-10,10.6,5.0,16.1,66.0
2019-12-11,11.7,8.1,15.3,71.0
2019-12-12,11.9,9.7,14.1,85.0
2019-12-13,14.6,13.2,16.1,80.0
2019-12-14,16.0,13.7,18.3,54.0
2019-12-15,13.6,9.6,17.5,99.0
2019-12-16,7.6,5.5,9.6,100.0
2019-12-17,7.4,4.3,10.6,82.0
2019-12-18,10.2,4.1,16.2,63.0
2019-12-19,11.2,8.4,13.9,82.0
2019-12-20,10.2,8.2,12.1,76.0
2019-12-21,13.4,8.3,18.6,64.0
2019-12-22,13.6,10.6,16.7,67.0
2019-12-23,14.0,9.5,18.5,59.0
2019-12-24,14.8,10.5,19.2,73.0
2019-12-25,14.4,10.7,18.1,65.0
2019-12-26,10.3,5.9,14.7,65.0
2019-12-27,7.8,3.1,12.5,78.0
2019-12-28,8.2,2.2,14.2,68.0
2019-12-29,10.9,5.1,16.7,55.0
2019-12-30,10.7,5.8,15.6,45.0
2019-12-31,9.4,4.8,14.0,75.0
2020-01-01,7.4,3.8,11.0,86.0
2020-01-02,7.3,3.2,11.4,77.0
2020-01-03,10.7,7.4,14.0,83.0
2020-01-04,8.4,5.6,11.1,98.0
2020-01-05,8.2,4.7,11.8,83.0
2020-01-06,7.6,2.8,12.3,83.0
2020-01-07,8.8,4.3,13.3,66.0
2020-01-08,13.4,9.0,17.7,53.0
2020-01-09,14.4,8.7,20.2,68.0
2020-01-10,8.2,4.9,11.6,92.0
2020-01-11,7.2,2.9,11.6,78.0
2020-01-12,9.6,3.7,15.6,63.0
2020-01-13,12.4,6.6,18.2,53.0
2020-01-14,13.9,10.3,17.5,72.0
2020-01-15,10.8,5.8,15.8,86.0
2020-01-16,14.4,8.4,20.3,69.0
2020-01-17,9.4,6.0,12.8,68.0
2020-01-18,9.0,6.2,11.7,77.0
2020-01-19,8.6,6.7,10.5,62.0
2020-01-20,7.2,5.4,8.9,60.0
2020-01-21,6.8,5.1,8.4,89.0
2020-01-22,7.0,3.7,10.2,96.0
2020-01-23,7.6,3.4,11.7,84.0
2020-01-24,9.2,5.4,13.0,76.0
2020-01-25,9.0,5.6,12.3,84.0
2020-01-26,10.5,5.2,15.8,58.0
2020-01-27,13.6,10.3,16.9,71.0
2020-01-28,11.4,8.9,13.8,65.0
2020-01-29,12.7,8.5,16.9,89.0
2020-01-30,14.3,10.3,18.3,73.0
2020-01-31,14.4,9.8,18.9,75.0
2020-02-01,17.1,13.0,21.2,69.0
2020-02-02,18.4,14.4,22.5,43.0
2020-02-03,17.8,13.4,22.2,43.0
2020-02-04,11.7,9.3,14.1,100.0
2020-02-05,8.4,4.6,12.2,73.0
2020-02-06,10.5,4.0,17.0,74.0
2020-02-07,12.2,7.1,17.3,69.0
2020-02-08,10.0,7.1,13.0,91.0
2020-02-09,13.6,6.2,21.0,57.0
2020-02-10,14.8,10.1,19.4,73.0
2020-02-11,11.2,9.1,13.2,91.0
2020-02-12,11.0,7.1,15.0,86.0
2020-02-13,12.7,8.3,17.1,76.0
2020-02-14,12.2,7.2,17.2,76.0
2020-02-15,12.2,7.9,16.6,75.0
2020-02-16,16.2,10.5,22.0,41.0
2020-02-17,9.8,6.3,13.3,73.0
2020-02-18,8.8,4.8,12.8,76.0
2020-02-19,8.6,3.6,13.5,71.0
2020-02-20,9.9,3.5,16.3,74.0
2020-02-21,11.2,7.3,15.0,88.0
2020-02-22,10.5,6.5,14.5,85.0
2020-02-23,9.2,6.4,11.9,93.0
2020-02-24,8.6,5.4,11.7,90.0
2020-02-25,10.9,8.8,13.0,81.0
2020-02-26,10.6,8.3,12.8,72.0
2020-02-27,14.3,10.7,17.9,55.0
2020-02-28,12.8,7.9,17.8,50.0
2020-02-29,14.6,11.3,17.9,58.0
2020-03-01,13.8,9.7,17.9,54.0
2020-03-02,7.7,4.9,10.5,75.0
2020-03-03,13.4,8.6,18.3,74.0
2020-03-04,16.6,11.7,21.5,73.5
2020-03-05,13.8,8.5,19.1,73.0
2020-03-06,9.0,6.1,11.9,75.0
2020-03-07,10.6,7.0,14.3,73.0
2020-03-08,12.1,6.1,18.1,70.0
2020-03-09,11.3,7.9,14.7,71.0
2020-03-10,11.4,6.2,16.6,75.0
2020-03-11,12.2,8.1,16.4,84.0
2020-03-12,11.0,8.6,13.4,95.0
2020-03-13,10.2,8.3,12.1,84.0
2020-03-14,10.8,6.9,14.6,74.0
2020-03-15,11.0,4.7,17.4,89.0
2020-03-16,8.6,4.9,12.2,70.0
2020-03-17,8.8,4.4,13.2,83.0
2020-03-18,11.8,9.1,14.4,89.0
2020-03-19,10.9,9.5,12.3,99.0
2020-03-20,11.5,9.9,13.1,96.0
2020-03-21,11.0,9.9,12.0,96.0
2020-03-22,12.6,10.8,14.4,92.0
2020-03-23,11.8,10.6,12.9,92.0
2020-03-24,12.4,8.1,16.8,82.0
2020-03-25,11.0,7.4,14.7,87.0
2020-03-26,8.8,4.7,13.0,72.0
2020-03-27,8.0,2.6,13.3,65.0
2020-03-28,9.6,4.3,14.8,78.0
2020-03-29,10.0,6.5,13.5,86.0
2020-03-30,5.8,3.3,8.3,74.0
2020-03-31,5.4,1.3,9.4,86.0
2020-04-01,9.6,6.3,12.9,94.0
2020-04-01,9.6,6.3,12.9,94.0
2020-04-02,11.2,8.6,13.9,81.0
2020-04-03,9.9,5.8,14.0,68.0
2020-04-04,13.1,6.6,19.6,57.0
2020-04-05,17.3,11.6,23.0,57.0
2020-04-06,12.8,10.3,15.3,83.0
2020-04-07,13.2,10.5,16.0,89.0
2020-04-08,13.5,10.4,16.6,92.0
2020-04-09,13.2,10.5,16.0,97.0
2020-04-10,16.2,12.8,19.5,92.0
2020-04-11,13.7,11.9,15.5,90.0
2020-04-12,13.2,11.1,15.3,100.0
2020-04-13,10.7,7.7,13.7,87.0
2020-04-14,13.3,9.4,17.2,89.0
2020-04-15,16.4,10.5,22.3,76.0
2020-04-16,14.4,9.0,19.7,67.0
2020-04-17,14.6,10.2,18.9,78.0
2020-04-18,13.6,9.6,17.5,83.0
2020-04-19,12.2,9.2,15.1,87.0
2020-04-20,11.8,8.3,15.3,91.0
2020-04-21,13.8,11.7,15.9,88.0
2020-04-22,13.3,10.7,15.9,91.0
2020-04-23,13.9,11.3,16.5,89.0
2020-04-24,13.8,12.2,15.4,97.0
2020-04-25,14.2,13.0,15.4,98.0
2020-04-26,13.2,11.5,14.8,100.0
2020-04-27,14.2,10.8,17.6,83.0
2020-04-28,12.9,10.3,15.5,72.0
2020-04-29,14.2,11.7,16.7,67.0
2020-04-30,16.8,13.6,20.0,53.0
2020-05-01,18.6,14.9,22.3,74.0
2020-05-02,18.4,13.0,23.9,79.0
2020-05-03,15.7,11.0,20.4,86.0
2020-05-04,23.0,12.5,33.6,47.0
2020-05-05,16.6,10.7,22.5,66.0
2020-05-06,16.2,11.9,20.5,65.0
2020-05-07,15.0,11.9,18.1,87.0
2020-05-08,15.6,13.6,17.6,97.0
2020-05-09,14.2,13.7,14.8,100.0
2020-05-10,13.6,11.6,15.5,98.0
2020-05-11,13.6,9.4,17.9,94.0
2020-05-12,12.8,10.9,14.7,83.0
2020-05-13,12.8,10.7,15.0,90.0
2020-05-14,12.2,11.5,12.8,95.0
2020-05-15,12.7,10.4,15.0,82.0
2020-05-16,12.0,7.2,16.8,79.0
2020-05-17,13.2,8.1,18.4,72.0
2020-05-18,14.5,9.8,19.2,77.0
2020-05-19,15.8,10.3,21.4,75.0
2020-05-20,15.4,12.3,18.4,87.0
2020-05-21,17.2,10.4,24.0,82.0
2020-05-22,18.2,13.3,23.2,71.0
2020-05-23,15.0,12.9,17.2,82.0
2020-05-24,15.6,12.5,18.6,71.0
2020-05-25,16.2,12.5,20.0,80.0
2020-05-26,15.4,10.6,20.1,82.0
2020-05-27,16.6,10.6,22.7,76.0
2020-05-28,20.6,14.6,26.6,68.0
2020-05-29,19.1,14.8,23.4,80.0
2020-05-30,17.8,13.9,21.7,84.0
2020-05-31,18.4,13.7,23.0,91.0
2020-06-01,17.8,13.7,21.8,90.0
2020-06-02,17.5,14.5,20.5,92.0
2020-06-03,17.6,15.3,19.9,92.0
2020-06-04,15.4,12.8,18.0,88.0
2020-06-05,14.7,10.8,18.6,81.0
2020-06-06,15.4,11.5,19.2,85.0
2020-06-07,13.8,10.2,17.5,72.0
2020-06-08,14.0,10.1,17.8,84.0
2020-06-09,14.9,11.3,18.5,74.0
2020-06-10,15.4,12.5,18.4,80.0
2020-06-11,13.2,10.6,15.9,78.0
2020-06-12,13.8,10.6,16.9,88.0
2020-06-13,16.2,12.5,19.8,73.0
2020-06-14,16.8,13.5,20.0,78.0
2020-06-15,16.0,12.5,19.4,86.0
2020-06-16,15.6,13.1,18.1,91.0
2020-06-17,15.6,13.0,18.2,87.0
2020-06-18,15.1,12.1,18.1,77.0
2020-06-19,14.8,11.2,18.4,85.0
2020-06-20,16.8,13.4,20.3,79.0
2020-06-21,18.2,13.1,23.4,85.0
2020-06-22,18.2,14.3,22.2,83.0
2020-06-23,20.0,15.7,24.3,80.0
2020-06-24,18.2,16.3,20.1,97.0
2020-06-25,16.8,14.8,18.8,97.0
2020-06-26,18.3,14.7,21.9,87.0
2020-06-27,19.0,15.3,22.6,93.0
2020-06-28,17.8,14.4,21.3,92.0
2020-06-29,16.6,14.3,19.0,88.0
2020-06-30,18.0,13.9,22.1,79.0
2020-07-01,17.8,14.8,20.9,90.0
2020-07-02,17.0,14.2,19.7,79.0
2020-07-03,16.4,13.4,19.3,77.0
2020-07-04,16.5,12.0,21.0,85.0
2020-07-05,17.6,14.4,20.7,93.0
2020-07-06,16.6,14.5,18.8,89.0
2020-07-07,18.2,15.7,20.6,72.0
2020-07-08,19.5,17.4,21.6,92.0
2020-07-09,18.6,16.0,21.1,93.0
2020-07-10,16.8,15.2,18.4,91.0
2020-07-11,19.2,16.6,21.8,83.0
2020-07-12,19.8,17.0,22.7,88.0
2020-07-13,18.4,14.6,22.3,85.0
2020-07-14,17.1,13.8,20.4,83.0
2020-07-15,17.6,15.4,19.9,85.0
2020-07-16,18.6,16.0,21.1,75.0
2020-07-17,19.6,16.8,22.4,71.0
2020-07-18,19.2,13.7,24.6,78.0
2020-07-19,18.9,15.7,22.1,98.0
2020-07-20,19.2,17.4,20.9,94.0
2020-07-21,20.2,17.8,22.5,93.0
2020-07-22,19.0,16.0,22.1,92.0
2020-07-23,20.0,18.0,21.9,95.0
2020-07-24,18.4,15.4,21.3,81.0
2020-07-25,18.2,13.9,22.5,80.0
2020-07-26,19.8,16.6,23.1,86.0
2020-07-27,20.4,16.9,24.0,86.0
2020-07-28,18.4,17.4,19.3,96.0
2020-07-29,18.6,16.8,20.3,90.0
2020-07-30,21.8,17.4,26.1,83.0
2020-07-31,20.8,17.2,24.3,91.0
2020-08-01,17.7,16.3,19.1,100.0
2020-08-02,18.2,15.0,21.4,84.0
2020-08-03,18.4,15.2,21.7,82.0
2020-08-04,20.2,16.4,24.0,74.0
2020-08-05,19.0,15.4,22.6,88.0
2020-08-06,20.8,15.6,26.0,87.0
2020-08-07,20.7,17.9,23.5,90.0
2020-08-08,20.0,16.4,23.7,90.0
2020-08-09,21.0,18.6,23.5,95.0
2020-08-10,20.4,18.8,21.9,92.0
2020-08-11,20.6,18.9,22.4,96.0
2020-08-12,18.0,16.5,19.4,100.0
2020-08-13,19.0,16.2,21.9,77.0
2020-08-14,19.2,15.2,23.2,82.0
2020-08-15,18.9,15.8,22.0,90.0
2020-08-16,19.2,14.6,23.8,74.0
2020-08-17,20.2,17.0,23.3,90.0
2020-08-18,21.2,17.2,25.1,80.0
2020-08-19,25.1,17.8,32.4,62.0
2020-08-20,19.7,15.9,23.5,93.0
2020-08-21,19.2,15.1,23.3,67.0
2020-08-22,18.6,15.0,22.2,82.0
2020-08-23,18.6,14.8,22.5,83.0
2020-08-24,19.8,15.9,23.6,78.0
2020-08-25,20.8,16.3,25.3,83.0
2020-08-26,21.9,19.1,24.7,95.0
2020-08-27,20.8,17.5,24.1,89.0
2020-08-28,17.3,13.8,20.8,67.0
2020-08-29,16.5,12.9,20.1,80.0
2020-08-30,15.0,11.3,18.6,86.0
2020-08-31,15.8,10.2,21.3,75.0
2020-09-01,17.4,13.2,21.7,79.0
2020-09-02,17.2,12.7,21.7,84.0
2020-09-03,19.9,14.7,25.1,82.0
2020-09-04,20.0,15.2,24.7,94.0
2020-09-05,17.8,16.0,19.6,98.0
2020-09-06,17.4,15.5,19.3,76.0
2020-09-07,17.0,12.8,21.1,77.0
2020-09-08,17.0,11.4,22.6,69.0
2020-09-09,17.8,13.3,22.3,94.0
2020-09-10,18.6,14.7,22.4,94.0
2020-09-11,19.4,15.8,23.1,92.0
2020-09-12,20.9,17.8,24.0,88.0
2020-09-13,23.7,17.0,30.4,72.0
2020-09-14,21.1,18.1,24.1,91.0
2020-09-15,19.3,16.8,21.8,96.0
2020-09-16,20.2,16.7,23.6,95.0
2020-09-17,21.5,16.8,26.2,93.0
2020-09-18,19.2,16.0,22.5,88.0
2020-09-19,18.4,15.8,21.0,100.0
2020-09-20,17.8,14.9,20.6,98.0
2020-09-21,18.2,16.1,20.4,98.0
2020-09-22,17.6,14.8,20.3,90.0
2020-09-23,17.4,13.9,21.0,87.0
2020-09-24,16.2,12.1,20.2,76.0
2020-09-25,14.0,10.9,17.0,80.0
2020-09-26,16.2,12.0,20.3,83.0
2020-09-27,14.2,10.8,17.5,74.0
2020-09-28,13.6,8.9,18.4,81.0
2020-09-29,15.0,10.8,19.1,85.0
2020-09-30,15.0,11.1,19.0,89.0
2020-10-01,16.6,13.1,20.0,69.0
2020-10-01,16.6,13.1,20.0,69.0
2020-10-02,12.0,8.9,15.1,86.0
2020-10-03,13.6,11.2,16.0,82.0
2020-10-04,13.3,11.0,15.6,88.0
2020-10-05,15.8,11.7,19.9,73.0
2020-10-06,19.3,17.2,21.4,83.0
2020-10-07,18.0,16.1,20.0,95.0
2020-10-08,17.2,15.3,19.2,97.0
2020-10-09,16.0,12.9,19.1,95.0
2020-10-10,13.7,10.1,17.3,89.0
2020-10-11,13.2,10.4,16.1,79.0
2020-10-12,13.2,9.1,17.2,93.0
2020-10-13,13.5,11.4,15.6,93.0
2020-10-14,13.4,10.8,15.9,83.0
2020-10-15,12.0,8.2,15.9,85.0
2020-10-16,11.2,6.0,16.3,85.0
2020-10-17,12.8,8.7,16.9,89.0
2020-10-18,15.6,9.8,21.4,85.0
2020-10-19,19.0,12.8,25.3,61.0
2020-10-20,15.7,13.8,17.6,90.0
2020-10-21,15.6,13.0,18.1,92.0
2020-10-22,14.4,11.0,17.8,92.0
2020-10-23,13.8,10.1,17.4,73.0
2020-10-24,16.4,11.1,21.8,52.0
2020-10-25,14.3,9.3,19.3,78.0
2020-10-26,12.4,8.9,15.8,64.0
2020-10-27,16.8,12.1,21.4,74.0
2020-10-28,15.1,11.4,18.8,75.0
2020-10-29,13.4,9.0,17.9,77.0
2020-10-30,14.0,8.4,19.7,88.0
2020-10-31,17.8,10.7,25.0,57.0
2020-11-01,19.4,15.4,23.3,75.0
2020-11-02,16.3,11.0,21.6,87.0
2020-11-03,10.5,6.6,14.4,82.0
2020-11-04,10.95,7.85,14.0,89.0
2020-11-05,11.4,9.1,13.6,91.0
2020-11-06,15.8,9.0,22.5,64.0
2020-11-07,16.2,12.4,19.9,86.0
2020-11-08,15.2,10.8,19.5,72.0
2020-11-09,14.7,11.2,18.2,95.0
2020-11-10,12.6,9.2,16.0,91.0
2020-11-11,13.8,9.2,18.5,81.0
2020-11-12,15.4,12.0,18.7,95.0
2020-11-13,15.2,11.1,19.4,78.0
2020-11-14,16.4,10.7,22.2,62.0
2020-11-15,16.4,11.6,21.3,86.0
2020-11-16,12.0,8.4,15.5,89.0
2020-11-17,13.6,8.3,18.8,84.0
2020-11-18,17.6,12.3,22.9,72.0
2020-11-19,12.6,10.4,14.7,95.0
2020-11-20,11.0,7.1,14.8,79.0
2020-11-21,9.8,4.9,14.8,84.0
2020-11-22,11.4,6.7,16.0,85.0
2020-11-23,10.7,6.6,14.8,91.0
2020-11-24,12.0,6.7,17.2,75.0
2020-11-25,11.2,9.7,12.8,100.0
2020-11-26,13.0,9.5,16.6,96.0
2020-11-27,12.2,8.8,15.7,93.0
2020-11-28,12.6,7.8,17.3,87.0
2020-11-29,11.8,7.9,15.7,85.0
2020-11-30,11.0,7.8,14.3,98.0
2020-12-01,9.6,6.2,13.1,94.0
2020-12-02,9.5,7.1,11.9,79.0
2020-12-03,9.8,6.1,13.6,67.0
2020-12-04,5.2,3.2,7.3,98.0
2020-12-05,6.9,4.1,9.7,92.0
2020-12-06,8.2,5.3,11.2,92.0
2020-12-07,9.6,7.5,11.7,85.0
2020-12-08,8.0,6.1,10.0,97.0
2020-12-09,11.0,6.3,15.7,76.0
2020-12-10,13.9,11.9,15.9,83.0
2020-12-11,14.1,10.5,17.7,81.0
2020-12-12,11.8,9.9,13.7,92.0
2020-12-13,12.2,9.6,14.9,81.0
2020-12-14,12.8,9.6,16.1,82.0
2020-12-15,10.8,7.0,14.5,70.0
2020-12-16,10.2,7.4,13.1,88.0
2020-12-17,9.8,5.4,14.2,71.0
2020-12-18,13.6,8.2,19.1,67.0
2020-12-19,11.6,8.8,14.3,76.0
2020-12-20,12.4,8.2,16.5,73.0
2020-12-21,16.8,12.7,20.8,82.0
2020-12-22,16.0,11.3,20.8,76.0
2020-12-23,11.7,7.2,16.2,96.0
2020-12-24,8.4,5.8,10.9,89.0
2020-12-25,7.0,4.0,10.1,85.0
2020-12-26,6.8,2.4,11.2,82.0
2020-12-27,8.6,2.6,14.5,57.0
2020-12-28,7.4,3.45,11.35,72.5
2020-12-29,6.2,4.3,8.2,88.0
2020-12-30,7.4,4.8,10.1,86.0
2020-12-31,7.2,4.1,10.4,91.0
2021-01-01,6.0,3.6,8.5,84.0
2021-01-02,4.6,2.7,6.6,99.0
2021-01-03,5.3,3.4,7.2,97.0
2021-01-04,3.6,2.1,5.2,100.0
2021-01-05,4.8,2.8,6.7,95.0
2021-01-06,5.3,2.1,8.5,92.0
2021-01-07,4.4,0.4,8.3,78.0
2021-01-08,3.5,-0.6,7.6,76.0
2021-01-09,3.3,0.3,6.3,83.0
2021-01-10,6.1,3.7,8.5,68.0
2021-01-11,6.0,1.3,10.6,71.0
2021-01-12,5.6,0.7,10.5,78.0
2021-01-13,6.9,2.0,11.8,81.0
2021-01-14,5.8,2.0,9.6,89.0
2021-01-15,8.2,4.4,12.0,89.0
2021-01-16,6.9,2.2,11.6,82.0
2021-01-17,7.9,3.8,12.0,84.0
2021-01-18,10.3,7.6,13.0,97.0
2021-01-19,9.2,5.6,12.9,64.0
2021-01-20,12.5,7.8,17.2,61.0
2021-01-21,14.1,9.9,18.3,46.0
2021-01-22,9.3,7.3,11.3,75.0
2021-01-23,11.3,8.5,14.1,80.0
2021-01-24,10.8,8.4,13.3,70.0
2021-01-25,9.4,7.9,10.9,100.0
2021-01-26,12.1,7.3,16.9,95.0
2021-01-27,14.5,10.6,18.4,87.0
2021-01-28,13.5,9.2,17.8,89.0
2021-01-29,15.2,12.4,17.9,90.0
2021-01-30,11.6,9.0,14.3,66.0
2021-01-31,14.9,10.4,19.4,67.0
2021-02-01,16.2,13.1,19.2,63.0
2021-02-02,15.6,11.9,19.4,77.0
2021-02-03,13.8,9.6,17.9,55.0
2021-02-04,9.7,6.8,12.6,87.0
2021-02-05,8.3,6.8,9.8,99.0
2021-02-06,7.4,4.9,9.8,84.0
2021-02-07,8.1,4.0,12.2,84.0
2021-02-08,11.4,8.7,14.2,71.0
2021-02-09,11.0,7.9,14.2,60.0
2021-02-10,10.2,6.9,13.5,83.0
2021-02-11,11.4,8.5,14.2,100.0
2021-02-12,11.8,8.8,14.7,95.0
2021-02-13,12.3,7.7,16.9,84.0
2021-02-14,14.8,9.3,20.2,73.0
2021-02-15,14.6,10.4,18.9,45.0
2021-02-16,12.0,7.4,16.7,67.0
2021-02-17,11.6,5.8,17.4,72.0
2021-02-18,10.7,8.0,13.4,92.0
2021-02-19,11.2,7.0,15.3,75.0
2021-02-20,16.7,11.3,22.1,43.0
2021-02-21,9.2,7.1,11.3,97.0
2021-02-22,9.6,5.7,13.6,72.0
2021-02-23,13.6,5.6,21.5,43.0
2021-02-24,13.6,7.8,19.3,62.0
2021-02-25,10.2,8.9,11.6,100.0
2021-02-26,11.6,10.0,13.3,93.0
2021-02-27,9.4,7.0,11.9,87.0
2021-02-28,8.0,4.3,11.8,85.0
2021-03-01,12.0,7.2,16.7,81.0
2021-03-02,11.8,8.5,15.0,91.0
2021-03-03,12.4,8.1,16.7,89.0
2021-03-04,12.3,7.6,17.0,90.0
2021-03-05,10.4,9.1,11.8,96.0
2021-03-06,9.4,7.6,11.1,80.0
2021-03-07,8.0,6.5,9.6,93.0
2021-03-08,7.8,5.5,10.1,90.0
2021-03-09,8.2,5.7,10.6,79.0
2021-03-10,10.8,4.4,17.2,69.0
2021-03-11,13.6,10.2,16.9,88.0
2021-03-12,10.6,7.2,14.0,78.0
2021-03-13,12.2,9.6,14.7,66.0
2021-03-14,10.1,6.7,13.5,87.0
2021-03-15,9.2,5.4,13.0,85.0
2021-03-16,9.8,5.1,14.4,88.0
2021-03-17,11.2,8.3,14.0,94.0
2021-03-18,8.8,5.9,11.7,82.0
2021-03-19,8.2,5.9,10.4,100.0
2021-03-20,6.6,3.2,10.0,56.0
2021-03-21,6.8,1.8,11.8,71.0
2021-03-22,9.2,5.1,13.2,77.0
2021-03-23,11.6,5.7,17.6,83.0
2021-03-24,,,,80.0
2021-03-25,,,,86.0
2021-03-26,11.9,7.9,15.9,83.0
2021-03-27,9.3,5.3,13.3,84.0
2021-03-28,12.2,6.8,17.5,88.0
2021-03-29,15.2,8.5,21.8,80.0
2021-03-30,17.4,13.1,21.8,54.0
2021-03-31,19.4,12.7,26.2,46.0
2021-04-01,17.8,14.0,21.6,58.0
2021-04-01,17.8,14.0,21.6,58.0
2021-04-02,14.0,11.6,16.3,98.0
2021-04-03,9.8,6.4,13.2,89.0
2021-04-04,9.2,4.8,13.7,77.0
2021-04-05,9.2,4.2,14.2,85.0
2021-04-06,10.0,7.9,12.0,87.0
2021-04-07,,,,79.5
2021-04-08,,,,72.0
2021-04-09,13.3,7.3,19.3,70.0
2021-04-10,12.6,9.6,15.7,85.0
2021-04-11,8.0,4.7,11.3,66.0
2021-04-12,8.1,3.4,12.8,65.0
2021-04-13,,,,
2021-04-14,,,,
2021-04-15,9.4,5.4,13.4,64.0
2021-04-16,7.7,3.1,12.3,60.0
2021-04-17,7.7,2.4,13.0,61.0
2021-04-18,9.4,2.8,16.1,67.0
2021-04-19,12.8,9.1,16.5,70.0
2021-04-20,11.8,8.2,15.5,76.0
2021-04-21,12.8,9.2,16.5,76.0
2021-04-22,13.6,9.5,17.6,77.0
2021-04-23,17.1,11.2,23.0,61.0
2021-04-24,16.4,13.5,19.4,70.0
2021-04-25,15.4,12.4,18.3,89.0
2021-04-26,13.2,10.9,15.5,92.0
2021-04-27,12.8,11.4,14.3,90.0
2021-04-28,11.4,9.6,13.3,73.0
2021-04-29,10.5,8.9,12.1,79.0
2021-04-30,11.0,7.9,14.1,73.0
2021-05-01,10.4,7.3,13.4,72.0
2021-05-02,9.6,5.3,13.9,72.0
2021-05-03,10.8,5.7,15.8,70.0
2021-05-04,11.3,6.6,16.0,80.0
2021-05-05,15.0,12.7,17.2,85.0
2021-05-06,15.2,12.7,17.8,74.0
2021-05-07,16.1,12.8,19.4,70.0
2021-05-08,15.2,11.1,19.2,67.0
2021-05-09,13.0,11.0,15.1,80.0
2021-05-10,12.5,8.9,16.1,74.0
2021-05-11,12.4,8.7,16.1,71.0
2021-05-12,13.4,9.7,17.0,65.0
2021-05-13,12.1,9.9,14.3,85.0
2021-05-14,11.6,7.5,15.8,75.0
2021-05-15,14.4,12.7,16.2,93.0
2021-05-16,14.1,11.6,16.6,80.0
2021-05-17,13.6,11.0,16.1,70.0
2021-05-18,12.0,9.8,14.1,88.0
2021-05-19,12.0,8.1,15.8,79.0
2021-05-20,14.6,9.7,19.4,73.0
2021-05-21,13.4,10.9,16.0,77.0
2021-05-22,12.7,10.1,15.3,67.0
2021-05-23,12.1,7.9,16.3,71.0
2021-05-24,13.6,10.7,16.6,72.0
2021-05-25,12.7,9.8,15.6,73.0
2021-05-26,12.7,9.0,16.4,76.0
2021-05-27,13.8,9.8,17.8,80.0
2021-05-28,15.2,13.2,17.3,88.0
2021-05-29,15.2,13.1,17.3,83.0
2021-05-30,15.0,11.6,18.5,83.0
2021-05-31,17.3,11.9,22.7,72.0
2021-06-01,15.3,13.4,17.2,90.0
2021-06-02,15.3,13.6,17.0,89.0
2021-06-03,12.9,11.6,14.2,83.0
2021-06-04,13.6,10.8,16.5,73.0
2021-06-05,13.9,9.4,18.4,73.0
2021-06-06,15.6,13.0,18.2,80.0
2021-06-07,16.4,13.8,19.1,79.0
2021-06-08,16.6,14.9,18.2,94.0
2021-06-09,17.0,14.9,19.2,83.0
2021-06-10,17.8,15.3,20.3,74.0
2021-06-11,16.0,13.9,18.1,87.0
2021-06-12,17.8,15.4,20.2,85.0
2021-06-13,18.7,16.0,21.4,92.0
2021-06-14,20.4,17.2,23.7,85.0
2021-06-15,19.1,16.6,21.6,86.0
2021-06-16,18.2,16.1,20.2,90.0
2021-06-17,16.0,14.4,17.5,96.0
2021-06-18,14.8,13.8,15.8,93.0
2021-06-19,15.4,14.2,16.6,92.0
2021-06-20,17.0,14.4,19.7,83.0
2021-06-21,16.0,14.0,18.0,82.0
2021-06-22,14.8,13.4,16.2,93.0
2021-06-23,13.8,11.2,16.5,83.0
2021-06-24,14.2,10.0,18.3,78.0
2021-06-25,15.7,12.2,19.2,79.0
2021-06-26,15.8,14.2,17.4,91.0
2021-06-27,15.0,11.3,18.7,77.0
2021-06-28,15.2,13.1,17.2,85.0
2021-06-29,15.0,11.6,18.5,79.0
2021-06-30,16.2,14.5,18.0,83.0
2021-07-01,17.6,15.0,20.3,81.0
2021-07-02,17.7,14.4,21.0,89.0
2021-07-03,18.8,16.7,21.0,87.0
2021-07-04,20.3,16.6,24.0,75.0
2021-07-05,19.8,15.5,24.2,77.0
2021-07-06,18.2,15.4,21.1,71.0
2021-07-07,16.2,13.2,19.2,83.0
2021-07-08,16.0,13.6,18.4,79.0
2021-07-09,17.8,15.0,20.5,78.0
2021-07-10,16.9,13.6,20.2,82.0
2021-07-11,17.0,14.5,19.4,91.0
2021-07-12,15.8,13.3,18.3,81.0
2021-07-13,16.8,13.9,19.6,82.0
2021-07-14,16.8,14.3,19.4,80.0
2021-07-15,16.5,12.8,20.2,77.0
2021-07-16,17.5,13.6,21.4,78.0
2021-07-17,19.2,14.9,23.5,80.0
2021-07-18,20.2,17.2,23.2,84.0
2021-07-19,18.3,15.7,20.9,89.0
2021-07-20,19.0,16.8,21.3,88.0
2021-07-21,18.4,17.5,19.2,92.0
2021-07-22,18.0,16.6,19.3,96.0
2021-07-23,18.4,15.9,20.9,88.0
2021-07-24,18.1,14.8,21.4,79.0
2021-07-25,18.4,15.6,21.1,82.0
2021-07-26,18.4,15.6,21.3,80.0
2021-07-27,19.1,17.1,21.1,78.0
2021-07-28,18.5,15.9,21.1,76.0
2021-07-29,18.8,15.6,21.9,80.0
2021-07-30,16.1,14.2,18.0,91.0
2021-07-31,16.8,13.6,20.0,74.0
2021-08-01,17.3,13.8,20.8,75.0
2021-08-02,17.4,13.7,21.0,79.0
2021-08-03,18.2,15.2,21.2,76.0
2021-08-04,17.8,16.7,18.9,95.0
2021-08-05,19.6,15.3,23.9,84.0
2021-08-06,18.7,14.7,22.7,72.0
2021-08-07,17.8,14.5,21.2,72.0
2021-08-08,16.4,12.4,20.4,75.0
2021-08-09,18.4,14.2,22.6,76.0
2021-08-10,18.2,15.2,21.3,84.0
2021-08-11,20.6,18.3,23.0,85.0
2021-08-12,20.1,18.4,21.8,88.0
2021-08-13,20.0,17.6,22.5,86.0
2021-08-14,18.9,17.7,20.1,95.0
2021-08-15,19.8,17.3,22.4,80.0
2021-08-16,19.1,16.6,21.6,77.0
2021-08-17,18.4,16.0,20.9,71.0
2021-08-18,17.6,16.3,18.9,74.0
2021-08-19,17.8,15.1,20.5,85.0
2021-08-20,19.0,16.2,21.8,79.0
2021-08-21,19.9,15.8,24.0,80.0
2021-08-22,20.4,18.5,22.3,87.0
2021-08-23,19.8,17.7,21.8,80.0
2021-08-24,20.1,16.6,23.6,76.0
2021-08-25,19.1,14.7,23.5,80.0
2021-08-26,20.1,15.5,24.7,81.0
2021-08-27,20.6,17.9,23.3,79.0
2021-08-28,19.6,16.1,23.1,69.0
2021-08-29,18.0,14.1,21.9,73.0
2021-08-30,18.2,14.6,21.8,74.0
2021-08-31,19.0,15.3,22.8,77.0
2021-09-01,18.8,16.7,20.9,85.0
2021-09-02,18.0,16.6,19.4,93.0
2021-09-03,18.8,16.8,20.7,84.0
2021-09-04,18.2,14.7,21.8,81.0
2021-09-05,20.8,15.4,26.1,78.0
2021-09-06,24.7,18.1,31.3,63.0
2021-09-07,21.9,17.9,25.9,76.0
2021-09-08,20.2,17.3,23.2,86.0
2021-09-09,19.7,16.4,23.0,81.0
2021-09-10,18.8,15.9,21.6,82.0
2021-09-11,18.6,15.4,21.9,84.0
2021-09-12,20.6,15.3,25.9,78.0
2021-09-13,19.6,17.2,21.9,89.0
2021-09-14,20.0,16.8,23.1,84.0
2021-09-15,18.5,17.4,19.6,96.0
2021-09-16,18.8,16.6,21.1,86.0
2021-09-17,18.2,13.6,22.8,85.0
2021-09-18,16.0,12.8,19.3,76.0
2021-09-19,16.4,12.1,20.6,77.0
2021-09-20,16.1,13.2,19.0,82.0
2021-09-21,15.8,12.3,19.4,87.0
2021-09-22,16.8,14.0,19.5,87.0
2021-09-23,16.8,13.2,20.3,86.0
2021-09-24,18.3,15.9,20.7,87.0
2021-09-25,18.0,15.1,20.9,88.0
2021-09-26,18.0,14.2,21.7,78.0
2021-09-27,16.6,14.4,18.9,79.0
2021-09-28,15.6,13.0,18.3,79.0
2021-09-29,15.6,13.3,18.0,86.0
2021-09-30,15.6,12.2,19.1,82.0
2021-10-01,18.4,13.4,23.4,81.0
2021-10-01,18.4,13.4,23.4,81.0
2021-10-02,20.0,14.8,25.1,62.0
2021-10-03,14.9,11.8,18.0,66.0
2021-10-04,16.0,12.0,20.1,65.0
2021-10-05,16.6,13.0,20.2,84.0
2021-10-06,15.4,12.0,18.7,81.0
2021-10-07,15.7,11.1,20.3,80.0
2021-10-08,15.2,10.6,19.8,79.0
2021-10-09,14.1,9.3,18.9,81.0
2021-10-10,14.9,10.6,19.2,80.0
2021-10-11,14.2,9.9,18.6,79.0
2021-10-12,13.6,9.2,18.1,82.0
2021-10-13,13.3,8.3,18.3,78.0
2021-10-14,14.2,9.0,19.3,79.0
2021-10-15,13.6,9.9,17.3,82.0
2021-10-16,15.0,12.2,17.7,82.0
2021-10-17,17.4,14.1,20.8,82.0
2021-10-18,19.6,15.6,23.7,73.0
2021-10-19,21.2,15.5,26.9,73.0
2021-10-20,20.2,14.6,25.7,61.0
2021-10-21,14.7,12.0,17.4,71.0
2021-10-22,11.7,8.4,15.0,81.0
2021-10-23,13.1,7.5,18.7,79.0
2021-10-24,13.4,9.1,17.8,81.0
2021-10-25,14.2,10.9,17.5,83.0
2021-10-26,13.6,9.3,17.9,85.0
2021-10-27,15.6,10.8,20.5,75.0
2021-10-28,15.8,9.8,21.8,61.0
2021-10-29,14.6,12.3,16.8,84.0
2021-10-30,14.2,12.2,16.1,87.0
2021-10-31,16.1,12.0,20.2,80.0
2021-11-01,14.6,11.4,17.8,56.0
2021-11-02,12.8,8.5,17.0,79.0
2021-11-03,10.1,7.5,12.7,81.0
2021-11-04,9.2,7.1,11.2,88.0
2021-11-05,10.2,7.2,13.1,89.0
2021-11-06,9.9,5.9,13.9,80.0
2021-11-07,10.0,5.4,14.7,77.0
2021-11-08,13.4,9.6,17.3,89.0
2021-11-09,11.6,8.1,15.1,86.0
2021-11-10,10.4,6.5,14.3,81.0
2021-11-11,11.2,6.95,15.450000000000001,80.5
2021-11-12,12.0,7.4,16.6,80.0
2021-11-13,13.0,9.7,16.3,81.0
2021-11-14,11.8,9.2,14.3,78.0
2021-11-15,12.2,10.1,14.3,91.0
2021-11-16,10.8,9.1,12.6,87.0
2021-11-17,11.1,8.2,14.0,80.0
2021-11-18,10.8,7.1,14.5,76.0
2021-11-19,9.8,5.1,14.4,81.0
2021-11-20,11.2,6.3,16.2,69.0
2021-11-21,9.7,7.3,12.1,92.0
2021-11-22,8.6,6.2,10.9,88.0
2021-11-23,9.0,7.0,11.1,82.0
2021-11-24,9.8,8.3,11.2,91.0
2021-11-25,9.1,7.4,10.8,90.0
2021-11-26,8.7,6.5,10.9,83.0
2021-11-27,8.4,5.0,11.7,73.0
2021-11-28,9.0,5.8,12.1,88.0
2021-11-29,10.4,8.3,12.5,87.0
2021-11-30,11.2,7.4,14.9,73.0
2021-12-01,11.4,7.9,15.0,80.0
2021-12-02,9.3,7.6,11.0,72.0
2021-12-03,11.4,8.1,14.6,77.0
2021-12-04,12.4,9.1,15.6,86.0
2021-12-05,9.4,7.3,11.4,83.0
2021-12-06,12.5,9.6,15.4,88.0
2021-12-07,13.5,7.4,19.6,69.0
2021-12-08,7.2,5.0,9.5,81.0
2021-12-09,11.9,8.3,15.5,84.0
2021-12-10,13.3,11.3,15.3,77.0
2021-12-11,11.6,9.2,14.0,88.0
2021-12-12,10.6,7.2,14.1,85.0
2021-12-13,11.4,7.2,15.6,73.0
2021-12-14,8.1,4.1,12.1,84.0
2021-12-15,7.4,3.2,11.5,90.0
2021-12-16,7.3,4.1,10.5,92.0
2021-12-17,7.7,4.1,11.3,90.0
2021-12-18,7.6,2.9,12.4,82.0
2021-12-19,8.8,4.3,13.2,74.0
2021-12-20,9.8,5.8,13.8,70.0
2021-12-21,15.0,11.4,18.6,70.0
2021-12-22,14.0,9.1,18.8,70.0
2021-12-23,11.9,9.2,14.6,87.0
2021-12-24,11.5,8.7,14.3,79.0
2021-12-25,12.8,9.2,16.4,76.0
2021-12-26,13.7,8.6,18.8,88.0
2021-12-27,16.6,14.5,18.8,54.0
2021-12-28,19.2,17.4,21.0,55.0
2021-12-29,15.6,11.4,19.8,74.0
2021-12-30,13.2,9.2,17.3,84.0
2021-12-31,14.6,8.4,20.8,50.0
2022-01-01,17.7,14.1,21.3,46.0
2022-01-02,15.4,11.4,19.3,68.0
2022-01-03,14.8,9.2,20.4,60.0
2022-01-04,14.0,7.5,20.4,89.0
2022-01-05,7.8,6.1,9.6,87.0
2022-01-06,8.4,5.1,11.8,84.0
2022-01-07,9.6,7.4,11.7,82.0
2022-01-08,10.6,7.2,14.0,60.0
2022-01-09,14.4,12.3,16.4,76.0
2022-01-10,12.2,11.6,12.9,97.0
2022-01-11,11.2,10.6,11.8,97.0
2022-01-12,8.0,4.2,11.8,77.0
2022-01-13,6.4,2.3,10.6,84.0
2022-01-14,8.2,3.2,13.2,61.0
2022-01-15,8.2,3.2,13.3,60.0
2022-01-16,9.2,4.0,14.4,68.0
2022-01-17,7.0,2.6,11.3,71.0
2022-01-18,7.3,2.8,11.8,74.0
2022-01-19,7.1,2.5,11.7,81.0
2022-01-20,7.8,5.0,10.7,81.0
2022-01-21,7.7,5.7,9.7,69.0
2022-01-22,6.5,3.5,9.5,71.0
2022-01-23,5.3,0.5,10.1,80.0
2022-01-24,7.0,2.7,11.2,80.0
2022-01-25,7.4,2.8,12.0,79.0
2022-01-26,7.2,3.3,11.2,82.0
2022-01-27,8.8,6.5,11.0,78.0
2022-01-28,6.9,3.7,10.1,77.0
2022-01-29,8.1,4.8,11.4,82.0
2022-01-30,7.8,5.3,10.4,83.0
2022-01-31,9.0,5.9,12.0,77.0
2022-02-01,8.8,5.5,12.2,82.0
2022-02-02,8.8,3.5,14.1,82.0
2022-02-03,11.8,7.6,16.1,66.0
2022-02-04,9.8,8.3,11.2,85.0
2022-02-05,8.2,4.6,11.9,78.0
2022-02-06,7.8,3.1,12.6,73.0
2022-02-07,9.7,5.3,14.1,78.0
2022-02-08,8.8,4.3,13.3,82.0
2022-02-09,12.6,6.8,18.4,60.0
2022-02-10,10.8,7.1,14.6,79.0
2022-02-11,10.8,9.0,12.6,89.0
2022-02-12,10.2,8.3,12.0,87.0
2022-02-13,10.5,5.5,15.5,77.0
2022-02-14,8.8,6.6,11.0,81.0
2022-02-15,9.8,6.1,13.5,63.0
2022-02-16,14.4,12.5,16.3,70.0
2022-02-17,13.3,10.6,16.0,78.0
2022-02-18,10.0,6.7,13.3,81.0
2022-02-19,8.3,5.3,11.3,75.0
2022-02-20,12.0,9.4,14.7,79.0
2022-02-21,11.4,7.6,15.2,82.0
2022-02-22,10.2,5.2,15.2,73.0
2022-02-23,7.9,3.7,12.1,85.0
2022-02-24,11.0,8.6,13.4,77.0
2022-02-25,8.8,5.8,11.7,72.0
2022-02-26,8.0,2.4,13.5,67.0
2022-02-27,11.3,7.9,14.7,75.0
2022-02-28,12.0,7.8,16.3,72.0
2022-03-01,12.1,9.9,14.3,82.0
2022-03-02,11.4,9.3,13.5,90.0
2022-03-03,10.8,7.7,14.0,90.0
2022-03-04,8.5,4.7,12.3,73.0
2022-03-05,6.4,2.2,10.6,80.0
2022-03-06,7.2,4.3,10.0,79.0
2022-03-07,7.2,2.3,12.2,77.0
2022-03-08,11.2,7.2,15.3,67.0
2022-03-09,11.6,6.5,16.6,79.0
2022-03-10,9.4,4.2,14.6,81.0
2022-03-11,11.7,8.1,15.3,73.0
2022-03-12,9.5,3.7,15.3,79.0
2022-03-13,10.0,6.1,13.8,61.0
2022-03-14,9.6,5.7,13.6,81.0
2022-03-15,10.4,7.5,13.4,90.0
2022-03-16,10.7,10.0,11.4,96.0
2022-03-17,8.2,5.3,11.1,73.0
2022-03-18,7.7,3.4,12.0,82.0
2022-03-19,12.4,6.7,18.0,66.0
2022-03-20,14.7,8.8,20.6,61.0
2022-03-21,15.4,10.1,20.6,58.0
2022-03-22,15.2,10.5,20.0,66.0
2022-03-23,13.2,9.8,16.7,74.0
2022-03-24,11.4,8.2,14.7,78.0
2022-03-25,11.6,9.0,14.1,85.0
2022-03-26,12.0,8.7,15.3,90.0
2022-03-27,14.2,10.0,18.4,78.0
2022-03-28,13.8,10.5,17.2,78.0
2022-03-29,11.7,10.4,13.0,87.0
2022-03-30,11.0,8.4,13.5,79.0
2022-03-31,10.3,7.5,13.1,82.0
2022-04-01,7.0,4.0,9.9,71.0
2022-04-01,7.0,4.0,9.9,71.0
2022-04-02,7.0,3.2,10.8,69.0
2022-04-03,6.4,3.4,9.3,77.0
2022-04-04,6.2,2.9,9.6,68.0
2022-04-05,6.0,0.4,11.5,69.0
2022-04-06,8.8,3.4,14.1,78.0
2022-04-07,14.9,9.4,20.4,53.0
2022-04-08,13.8,10.3,17.4,68.0
2022-04-09,11.6,8.8,14.5,81.0
2022-04-10,16.5,7.7,25.3,61.0
2022-04-11,13.6,9.6,17.5,90.0
2022-04-12,14.2,10.3,18.0,82.0
2022-04-13,12.8,9.8,15.8,84.0
2022-04-14,13.2,9.1,17.2,83.0
2022-04-15,13.0,11.4,14.7,86.0
2022-04-16,13.0,10.6,15.5,90.0
2022-04-17,12.4,9.6,15.2,82.0
2022-04-18,11.3,8.6,14.0,91.0
2022-04-19,10.3,6.9,13.7,82.0
2022-04-20,10.2,6.4,13.9,69.0
2022-04-21,10.0,5.3,14.6,71.0
2022-04-22,11.2,7.6,14.7,81.0
2022-04-23,9.6,6.6,12.5,83.0
2022-04-24,12.7,10.0,15.4,76.0
2022-04-25,13.2,9.2,17.2,75.0
2022-04-26,13.0,9.2,16.7,87.0
2022-04-27,13.2,10.0,16.5,84.0
2022-04-28,12.9,9.7,16.1,81.0
2022-04-29,12.6,9.1,16.1,86.0
2022-04-30,12.7,10.399999999999999,15.0,87.0
2022-05-01,12.8,11.7,13.9,87.0
2022-05-02,11.8,9.6,14.1,79.0
2022-05-03,12.6,9.7,15.4,86.0
2022-05-04,12.4,9.2,15.6,83.0
2022-05-05,12.8,9.2,16.5,81.0
2022-05-06,12.8,8.6,16.9,77.0
2022-05-07,13.3,8.6,18.0,79.0
2022-05-08,14.6,10.2,19.1,78.0
2022-05-09,16.3,9.5,23.1,76.0
2022-05-10,14.2,11.6,16.7,83.0
2022-05-11,14.8,11.9,17.7,84.0
2022-05-12,14.8,13.3,16.2,90.0
2022-05-13,14.8,13.0,16.5,91.0
2022-05-14,,,,
2022-05-15,,,,
2022-05-16,17.8,14.3,21.4,75.0
2022-05-17,21.4,14.5,28.2,73.0
2022-05-18,15.4,13.7,17.1,85.0
2022-05-19,17.2,14.5,19.9,76.0
2022-05-20,16.7,14.4,19.0,83.0
2022-05-21,16.9,15.4,18.4,93.0
2022-05-22,16.8,14.2,19.3,96.0
2022-05-23,14.6,11.9,17.3,82.0
2022-05-24,13.6,10.8,16.4,77.0
2022-05-25,14.0,10.7,17.2,83.0
2022-05-26,14.4,10.6,18.3,78.0
2022-05-27,17.0,14.6,19.4,77.0
2022-05-28,17.6,14.7,20.4,78.0
2022-05-29,16.8,12.5,21.0,73.0
2022-05-30,16.8,14.6,18.9,80.0
2022-05-31,17.2,14.0,20.3,84.0
2022-06-01,17.1,13.5,20.7,90.0
2022-06-02,17.6,13.2,22.0,94.0
2022-06-03,16.1,13.6,18.6,93.0
2022-06-04,16.0,13.4,18.5,91.0
2022-06-05,16.0,13.3,18.6,84.0
2022-06-06,17.2,13.5,20.9,78.0
2022-06-07,18.2,14.0,22.5,65.0
2022-06-08,16.5,15.3,17.7,95.0
2022-06-09,17.3,14.6,20.0,83.0
2022-06-10,17.0,14.0,20.0,90.0
2022-06-11,17.2,15.9,18.6,91.0
2022-06-12,17.6,15.2,19.9,94.0
2022-06-13,18.2,16.3,20.0,88.0
2022-06-14,19.4,17.1,21.6,87.0
2022-06-15,20.8,15.0,26.7,81.0
2022-06-16,24.0,18.7,29.3,76.0
2022-06-17,22.0,18.8,25.3,76.0
2022-06-18,18.7,15.5,21.9,89.0
2022-06-19,18.5,14.3,22.7,83.0
2022-06-20,15.2,12.6,17.7,76.0
2022-06-21,16.6,13.8,19.3,86.0
2022-06-22,16.6,13.6,19.7,86.0
2022-06-23,16.8,14.1,19.5,88.0
2022-06-24,18.0,13.2,22.9,76.0
2022-06-25,15.6,12.9,18.3,72.0
2022-06-26,14.9,11.2,18.6,67.0
2022-06-27,14.7,10.6,18.8,75.0
2022-06-28,15.6,11.8,19.4,72.0
2022-06-29,15.3,13.4,17.2,77.0
2022-06-30,15.6,12.2,19.1,68.0
2022-07-01,15.8,11.0,20.5,69.0
2022-07-02,16.0,12.6,19.5,87.0
2022-07-03,16.6,15.5,17.7,94.0
2022-07-04,18.0,15.4,20.5,80.0
2022-07-05,18.2,15.7,20.8,90.0
2022-07-06,19.0,15.9,22.0,85.0
2022-07-07,18.4,15.4,21.4,85.0
2022-07-08,19.8,16.9,22.8,77.0
2022-07-09,20.6,15.5,25.6,72.0
2022-07-10,21.6,15.6,27.5,70.0
2022-07-11,21.2,16.5,26.0,80.0
2022-07-12,22.0,17.1,27.0,70.0
2022-07-13,23.9,18.4,29.4,68.0
2022-07-14,22.7,18.8,26.6,81.0
2022-07-15,23.0,19.4,26.5,78.0
2022-07-16,19.3,17.1,21.5,91.0
2022-07-17,21.6,15.4,27.9,86.0
2022-07-18,18.3,16.3,20.3,91.0
2022-07-19,20.8,17.8,23.9,77.0
2022-07-20,19.4,16.6,22.3,83.0
2022-07-21,20.2,18.0,22.4,89.0
2022-07-22,18.0,15.9,20.2,84.0
2022-07-23,18.3,14.4,22.2,71.0
2022-07-24,18.2,15.0,21.3,88.0
2022-07-25,19.0,16.3,21.6,87.0
2022-07-26,19.2,16.7,21.8,80.0
2022-07-27,19.2,15.9,22.4,71.0
2022-07-28,18.0,14.2,21.8,81.0
2022-07-29,19.5,16.7,22.3,83.0
2022-07-30,20.2,16.7,23.7,77.0
2022-07-31,20.4,16.1,24.7,83.0
2022-08-01,21.5,19.3,23.7,83.0
2022-08-02,21.4,19.8,22.9,87.0
2022-08-03,20.0,18.3,21.8,95.0
2022-08-04,20.4,17.8,23.1,87.0
2022-08-05,17.6,16.5,18.6,92.0
2022-08-06,20.1,16.4,23.8,79.0
2022-08-07,21.3,17.4,25.2,79.0
2022-08-08,20.6,16.8,24.3,84.0
2022-08-09,22.4,17.9,26.9,80.0
2022-08-10,22.6,17.6,27.5,87.0
2022-08-11,20.0,15.7,24.2,88.0
2022-08-12,17.9,15.6,20.2,91.0
2022-08-13,18.2,15.2,21.2,87.0
2022-08-14,18.8,14.7,22.9,78.0
2022-08-15,18.5,14.7,22.3,80.0
2022-08-16,20.2,15.9,24.5,75.0
2022-08-17,17.9,14.5,21.3,87.0
2022-08-18,17.2,14.1,20.4,72.0
2022-08-19,17.8,12.9,22.7,77.0
2022-08-20,19.2,15.3,23.1,87.0
2022-08-21,20.6,18.0,23.2,86.0
2022-08-22,20.4,18.1,22.6,88.0
2022-08-23,20.8,18.8,22.8,88.0
2022-08-24,21.1,19.7,22.5,95.0
2022-08-25,20.2,18.5,22.0,89.0
2022-08-26,18.7,17.0,20.4,86.0
2022-08-27,20.4,18.1,22.8,80.0
2022-08-28,21.0,17.3,24.6,89.0
2022-08-29,21.3,16.9,25.7,92.0
2022-08-30,18.0,16.2,19.9,91.0
2022-08-31,18.7,16.6,20.8,84.0
2022-09-01,18.6,15.0,22.2,88.0
2022-09-02,18.0,15.1,20.9,88.0
2022-09-03,18.0,13.8,22.3,68.0
2022-09-04,18.6,13.2,24.1,72.0
2022-09-05,21.6,16.1,27.2,69.0
2022-09-06,22.2,16.7,27.7,58.0
2022-09-07,20.8,15.7,26.0,72.0
2022-09-08,19.4,16.6,22.3,74.0
2022-09-09,17.9,13.9,21.9,75.0
2022-09-10,20.6,15.1,26.0,70.0
2022-09-11,20.2,16.4,24.1,79.0
2022-09-12,22.8,18.3,27.4,77.0
2022-09-13,22.5,18.2,26.8,70.0
2022-09-14,21.5,17.9,25.1,79.0
2022-09-15,20.1,17.6,22.6,87.0
2022-09-16,19.450000000000003,16.75,22.15,78.0
2022-09-17,18.8,15.9,21.7,68.0
2022-09-18,16.8,12.2,21.5,66.0
2022-09-19,17.6,12.5,22.6,72.0
2022-09-20,16.3,10.7,21.9,74.0
2022-09-21,16.3,11.3,21.3,67.0
2022-09-22,16.2,11.2,21.3,75.0
2022-09-23,16.5,13.0,20.0,84.0
2022-09-24,15.2,12.1,18.3,86.0
2022-09-25,14.8,11.4,18.2,83.0
2022-09-26,15.2,11.7,18.6,79.0
2022-09-27,16.8,14.2,19.5,73.0
2022-09-28,15.9,13.9,17.9,80.0
2022-09-29,14.9,13.1,16.7,83.0
2022-09-30,15.2,11.4,18.9,75.0
2022-10-01,17.2,12.9,21.6,76.0
2022-10-01,17.2,12.9,21.6,76.0
2022-10-02,17.2,14.2,20.3,84.0
2022-10-03,17.8,13.4,22.2,84.0
2022-10-04,16.4,13.4,19.5,87.0
2022-10-05,17.8,14.5,21.0,83.0
2022-10-06,16.4,15.2,17.6,95.0
2022-10-07,18.5,16.6,20.4,90.0
2022-10-08,16.6,13.8,19.5,80.0
2022-10-09,16.4,12.7,20.0,83.0
2022-10-10,17.0,14.5,19.5,86.0
2022-10-11,16.2,12.7,19.6,92.0
2022-10-12,16.4,12.7,20.1,88.0
2022-10-13,16.9,12.5,21.3,83.0
2022-10-14,17.8,14.0,21.7,77.0
2022-10-15,17.5,14.8,20.2,87.0
2022-10-16,18.6,14.2,23.1,77.0
2022-10-17,18.0,15.9,20.0,92.0
2022-10-18,21.6,15.3,27.9,60.0
2022-10-19,17.0,13.5,20.5,63.0
2022-10-20,16.4,9.2,23.7,69.0
2022-10-21,17.4,11.2,23.7,56.0
2022-10-22,18.1,12.1,24.1,67.0
2022-10-23,16.8,12.0,21.7,66.0
2022-10-24,16.4,11.9,20.9,72.0
2022-10-25,18.2,13.2,23.3,62.0
2022-10-26,19.1,13.0,25.2,62.0
2022-10-27,20.9,14.1,27.7,64.0
2022-10-28,18.0,14.9,21.2,82.0
2022-10-29,16.7,13.8,19.6,74.0
2022-10-30,15.5,12.1,18.9,80.0
2022-10-31,15.6,11.5,19.6,85.0
2022-11-01,13.7,8.5,18.9,68.0
2022-11-02,14.0,9.2,18.7,71.0
2022-11-03,15.6,11.1,20.0,66.0
2022-11-04,12.3,8.5,16.1,70.0
2022-11-05,11.4,6.1,16.7,75.0
2022-11-06,14.7,9.1,20.3,63.0
2022-11-07,13.4,8.9,18.0,72.0
2022-11-08,16.4,13.2,19.6,69.0
2022-11-09,16.0,12.8,19.1,73.0
2022-11-10,14.6,10.7,18.5,82.0
2022-11-11,14.6,10.3,19.0,77.0
2022-11-12,16.4,10.2,22.7,69.0
2022-11-13,16.8,12.4,21.1,65.0
2022-11-14,13.2,11.6,14.8,72.0
2022-11-15,15.4,12.1,18.8,69.0
2022-11-16,17.8,13.7,22.0,64.0
2022-11-17,14.2,10.5,18.0,63.0
2022-11-18,10.6,7.9,13.2,78.0
2022-11-19,9.7,7.3,12.1,83.0
2022-11-20,13.2,10.8,15.6,84.0
2022-11-21,12.9,7.2,18.6,74.0
2022-11-22,12.8,7.7,17.9,71.0
2022-11-23,14.8,11.9,17.6,56.0
2022-11-24,12.4,8.5,16.4,84.0
2022-11-25,11.2,7.5,14.9,73.0
2022-11-26,11.6,6.3,16.9,64.0
2022-11-27,13.0,9.6,16.3,75.0
2022-11-28,11.4,9.1,13.8,82.0
2022-11-29,11.4,9.0,13.9,78.0
2022-11-30,10.0,7.0,12.9,80.0
2022-12-01,9.7,5.3,14.1,74.0
2022-12-02,7.8,3.0,12.6,73.0
2022-12-03,8.0,4.7,11.4,82.0
2022-12-04,7.2,3.3,11.0,78.0
2022-12-05,9.8,4.8,14.7,75.0
2022-12-06,11.0,7.2,14.8,74.0
2022-12-07,11.4,8.6,14.3,87.0
2022-12-08,12.4,10.2,14.5,88.0
2022-12-09,9.9,8.3,11.5,92.0
2022-12-10,8.3,5.3,11.3,82.0
2022-12-11,8.1,5.6,10.6,78.0
2022-12-12,13.2,6.6,19.7,78.0
2022-12-13,15.4,12.9,17.9,91.0
2022-12-14,13.6,8.9,18.4,75.0
2022-12-15,12.6,9.8,15.4,83.0
2022-12-16,9.8,9.0,10.6,83.5
2022-12-17,9.8,5.0,14.5,84.0
2022-12-18,12.8,7.7,17.8,67.0
2022-12-19,13.2,9.05,17.35,77.5
2022-12-20,13.6,10.4,16.9,88.0
2022-12-21,15.8,11.3,20.2,54.0
2022-12-22,17.4,12.9,22.0,61.0
2022-12-23,17.0,11.7,22.2,66.0
2022-12-24,12.4,10.5,14.4,92.0
2022-12-25,13.9,10.5,17.3,83.0
2022-12-26,12.0,9.9,14.0,82.0
2022-12-27,10.8,7.8,13.7,87.0
2022-12-28,12.0,6.2,17.8,69.0
2022-12-29,12.4,10.8,13.9,92.0
2022-12-30,17.0,11.0,23.0,51.0
2022-12-31,18.2,12.9,23.6,30.0
2023-01-01,12.2,10.1,14.4,93.0
2023-01-02,10.2,6.6,13.7,69.0
2023-01-03,10.0,4.3,15.7,66.0
2023-01-04,13.2,8.6,17.7,71.0
2023-01-05,11.5,7.5,15.5,79.0
2023-01-06,11.0,5.9,16.0,74.0
2023-01-07,11.1,6.4,15.8,76.0
2023-01-08,11.8,9.4,14.1,91.0
2023-01-09,10.6,6.9,14.3,59.0
2023-01-10,13.1,7.0,19.2,63.0
2023-01-11,11.8,7.8,15.8,78.0
2023-01-12,8.5,3.3,13.7,68.0
2023-01-13,13.6,11.8,15.4,81.0
2023-01-14,14.1,9.1,19.1,45.0
2023-01-15,8.6,5.8,11.4,67.0
2023-01-16,11.1,8.5,13.7,91.0
2023-01-17,7.8,3.2,12.3,83.0
2023-01-18,6.2,3.6,8.8,72.0
2023-01-19,8.7,4.7,12.7,85.0
2023-01-20,10.2,8.1,12.3,89.0
2023-01-21,8.3,5.3,11.3,75.0
2023-01-22,6.1,2.2,10.0,76.0
2023-01-23,4.8,0.5,9.1,76.0
2023-01-24,6.0,4.5,7.4,88.0
2023-01-25,7.4,3.9,10.8,77.0
2023-01-26,8.2,5.8,10.5,88.0
2023-01-27,8.2,5.8,10.5,76.0
2023-01-28,6.8,4.2,9.3,79.0
2023-01-29,5.9,2.4,9.4,75.0
2023-01-30,6.0,1.9,10.0,73.0
2023-01-31,6.3,1.3,11.3,74.0
2023-02-01,8.2,4.9,11.6,78.0
2023-02-02,6.7,1.3,12.1,77.0
2023-02-03,7.2,1.6,12.9,74.0
2023-02-04,7.1,1.9,12.3,78.0
2023-02-05,9.6,8.2,11.0,74.0
2023-02-06,7.7,4.6,10.8,69.0
2023-02-07,5.6,1.1,10.1,69.0
2023-02-08,6.9,1.1,12.7,76.0
2023-02-09,7.4,2.9,11.9,76.0
2023-02-10,7.0,2.2,11.8,71.0
2023-02-11,6.8,1.8,11.9,75.0
2023-02-12,9.2,4.2,14.2,62.0
2023-02-13,11.6,6.0,17.2,53.0
2023-02-14,14.0,8.5,19.5,55.0
2023-02-15,13.0,9.2,16.8,54.0
2023-02-16,10.7,7.0,14.4,80.0
2023-02-17,10.3,6.4,14.2,84.0
2023-02-18,10.1,6.5,13.7,86.0
2023-02-19,11.5,9.3,13.7,84.0
2023-02-20,11.4,9.1,13.6,85.0
2023-02-21,12.8,9.7,16.0,87.0
2023-02-22,8.8,5.6,12.0,93.0
2023-02-23,5.1,2.5,7.7,88.0
2023-02-24,5.6,1.9,9.2,74.0
2023-02-25,7.8,4.5,11.0,80.0
2023-02-26,6.6,4.1,9.2,72.0
2023-02-27,6.4,4.1,8.7,53.0
2023-02-28,6.8,4.0,9.5,62.0
2023-03-01,4.5,1.3,7.7,83.0
2023-03-02,7.0,2.6,11.4,68.0
2023-03-03,7.3,3.7,10.9,72.0
2023-03-04,8.0,4.2,11.9,71.0
2023-03-05,7.4,2.7,12.2,73.0
2023-03-06,8.4,4.4,12.3,79.0
2023-03-07,10.0,2.1,17.9,65.0
2023-03-08,18.6,16.0,21.3,48.0
2023-03-09,16.0,12.4,19.7,48.0
2023-03-10,18.4,12.9,24.0,47.0
2023-03-11,16.8,13.6,20.1,69.0
2023-03-12,15.7,12.8,18.6,74.0
2023-03-13,15.7,10.4,21.0,62.0
2023-03-14,12.2,8.4,15.9,66.0
2023-03-15,11.9,7.0,16.8,74.0
2023-03-16,13.0,8.3,17.7,82.0
2023-03-17,14.1,9.8,18.4,67.0
2023-03-18,12.6,11.0,14.2,81.0
2023-03-19,10.4,7.4,13.5,85.0
2023-03-20,12.9,8.0,17.8,76.0
2023-03-21,12.9,10.0,15.8,76.0
2023-03-22,13.6,10.0,17.2,68.0
2023-03-23,16.0,11.2,20.7,61.0
2023-03-24,13.6,9.8,17.3,70.0
2023-03-25,13.8,8.9,18.8,54.0
2023-03-26,12.4,9.7,15.2,62.0
2023-03-27,10.5,6.1,14.9,74.0
2023-03-28,15.2,10.0,20.4,52.0
2023-03-29,18.6,13.1,24.1,49.0
2023-03-30,16.4,11.2,21.6,61.0
2023-03-31,15.3,12.5,18.1,62.0
2023-04-01,11.7,9.4,14.0,77.0
2023-04-02,9.8,5.8,13.7,73.0
2023-04-03,9.4,3.9,14.8,75.0
2023-04-04,9.7,5.1,14.3,74.0
2023-04-05,8.0,1.8,14.3,76.0
2023-04-06,9.6,4.6,14.7,78.0
2023-04-07,11.8,5.6,18.1,77.0
2023-04-08,15.8,9.8,21.8,60.0
2023-04-09,12.6,10.3,14.9,76.0
2023-04-10,14.6,10.0,19.2,76.0
2023-04-11,14.3,11.7,16.9,74.0
2023-04-12,11.9,7.5,16.3,77.0
2023-04-13,10.8,6.9,14.7,67.0
2023-04-14,14.0,11.4,16.7,70.0
2023-04-15,14.0,12.4,15.7,72.0
2023-04-16,13.2,8.6,17.8,78.0
2023-04-17,11.6,5.3,17.9,64.0
2023-04-18,11.3,6.4,16.2,75.0
2023-04-19,11.8,7.3,16.2,81.0
2023-04-20,12.4,9.1,15.7,87.0
2023-04-21,13.0,9.1,16.9,85.0
2023-04-22,13.7,9.1,18.3,69.0
2023-04-23,14.4,12.2,16.7,89.0
2023-04-24,15.3,12.0,18.6,87.0
2023-04-25,17.0,14.6,19.4,79.0
2023-04-26,17.2,14.7,19.8,85.0
2023-04-27,16.6,13.8,19.3,87.0
2023-04-28,15.2,12.3,18.1,96.0
2023-04-29,15.5,13.7,17.3,93.0
2023-04-30,14.9,12.5,17.3,89.0
2023-05-01,14.6,10.9,18.4,81.0
2023-05-02,16.8,12.7,20.8,77.0
2023-05-03,20.2,13.0,27.5,61.0
2023-05-04,16.2,12.1,20.4,77.0
2023-05-05,16.0,12.1,19.9,73.0
2023-05-06,17.0,13.8,20.1,78.0
2023-05-07,14.8,11.8,17.7,85.0
2023-05-08,15.2,11.5,18.9,76.0
2023-05-09,15.4,12.8,18.0,86.0
2023-05-10,13.2,9.5,17.0,71.0
2023-05-11,13.3,10.3,16.3,79.0
2023-05-12,13.3,10.5,16.1,75.0
2023-05-13,13.3,9.8,16.8,84.0
2023-05-14,14.6,12.2,16.9,81.0
2023-05-15,13.5,11.1,15.9,90.0
2023-05-16,12.8,9.9,15.6,71.0
2023-05-17,12.0,6.5,17.6,59.0
2023-05-18,13.2,8.5,17.8,71.0
2023-05-19,12.4,8.2,16.6,83.0
2023-05-20,13.4,10.2,16.7,82.0
2023-05-21,12.4,9.3,15.5,90.0
2023-05-22,12.9,9.6,16.2,95.0
2023-05-23,16.5,13.8,19.2,89.0
2023-05-24,15.8,13.7,17.9,89.0
2023-05-25,14.4,10.1,18.7,81.0
2023-05-26,14.6,8.5,20.7,70.0
2023-05-27,17.4,14.6,20.2,79.0
2023-05-28,16.8,14.7,18.8,90.0
2023-05-29,16.8,14.5,19.1,87.0
2023-05-30,17.2,15.2,19.2,90.0
2023-05-31,17.6,15.4,19.7,83.0
2023-06-01,16.8,13.9,19.7,79.0
2023-06-02,17.4,14.3,20.6,83.0
2023-06-03,18.0,15.1,20.9,89.0
2023-06-04,18.6,15.8,21.3,87.0
2023-06-05,18.6,15.0,22.3,77.0
2023-06-06,19.6,14.9,24.2,74.0
2023-06-07,19.8,17.2,22.3,88.0
2023-06-08,21.1,17.6,24.6,87.0
2023-06-09,20.8,17.7,23.8,87.0
2023-06-10,19.6,17.3,21.9,79.0
2023-06-11,19.4,16.0,22.7,82.0
2023-06-12,19.4,16.7,22.1,85.0
2023-06-13,18.2,15.5,20.9,87.0
2023-06-14,17.4,14.2,20.7,77.0
2023-06-15,18.0,13.9,22.2,77.0
2023-06-16,20.2,15.4,24.9,78.0
2023-06-17,19.2,17.2,21.3,84.0
2023-06-18,19.0,15.8,22.1,81.0
2023-06-19,18.1,14.8,21.4,89.0
2023-06-20,17.9,15.0,20.8,81.0
2023-06-21,17.8,14.2,21.5,88.0
2023-06-22,19.1,16.1,22.1,82.0
2023-06-23,19.0,15.1,23.0,81.0
2023-06-24,24.1,17.9,30.3,73.0
2023-06-25,20.2,17.9,22.4,81.0
2023-06-26,20.5,18.4,22.6,85.0
2023-06-27,18.4,14.9,21.9,74.0
2023-06-28,17.6,13.5,21.6,78.0
2023-06-29,17.0,14.4,19.7,87.0
2023-06-30,16.8,12.9,20.8,79.0
2023-07-01,19.4,17.3,21.4,81.0
2023-07-02,19.6,17.8,21.5,89.0
2023-07-03,20.0,17.9,22.1,85.0
2023-07-04,20.1,17.5,22.7,74.0
2023-07-05,18.8,16.2,21.5,78.0
2023-07-06,18.5,15.1,21.9,83.0
2023-07-07,19.2,15.0,23.5,80.0
2023-07-08,20.1,17.8,22.4,85.0
2023-07-09,18.6,15.2,22.0,73.0
2023-07-10,18.4,14.4,22.3,76.0
2023-07-11,19.2,15.9,22.4,73.0
2023-07-12,19.0,16.4,21.5,92.0
2023-07-13,19.5,16.1,22.9,72.0
2023-07-14,22.6,17.0,28.3,68.0
2023-07-15,19.1,16.9,21.3,66.0
2023-07-16,17.4,13.7,21.0,70.0
2023-07-17,17.6,13.0,22.1,77.0
2023-07-18,20.6,19.1,22.2,86.0
2023-07-19,20.4,18.5,22.3,81.0
2023-07-20,19.9,17.2,22.6,82.0
2023-07-21,18.9,15.7,22.1,77.0
2023-07-22,18.4,15.1,21.7,82.0
2023-07-23,19.8,16.1,23.5,72.0
2023-07-24,19.2,16.6,21.8,75.0
2023-07-25,18.6,15.6,21.7,69.0
2023-07-26,19.4,16.6,22.3,79.0
2023-07-27,20.6,19.0,22.2,81.0
2023-07-28,22.4,18.6,26.3,72.0
2023-07-29,20.0,17.5,22.4,87.0
2023-07-30,19.4,16.1,22.8,77.0
2023-07-31,19.2,15.0,23.3,77.0
2023-08-01,21.8,18.8,24.7,85.0
2023-08-02,21.4,17.7,25.0,68.0
2023-08-03,18.4,15.7,21.1,72.0
2023-08-04,17.2,13.3,21.2,69.0
2023-08-05,18.2,12.8,23.5,82.0
2023-08-06,18.3,15.7,20.9,69.0
2023-08-07,17.6,12.5,22.8,66.0
2023-08-08,19.4,14.1,24.8,73.0
2023-08-09,21.2,16.9,25.6,89.0
2023-08-10,22.4,18.2,26.6,71.0
2023-08-11,22.7,18.2,27.2,74.0
2023-08-12,19.8,17.5,22.0,83.0
2023-08-13,20.9,18.1,23.7,76.0
2023-08-14,20.9,18.3,23.5,80.0
2023-08-15,19.7,18.1,21.3,92.0
2023-08-16,19.6,17.8,21.5,88.0
2023-08-17,20.8,16.7,24.8,81.0
2023-08-18,23.9,19.1,28.7,65.0
2023-08-19,20.0,18.8,21.3,97.0
2023-08-20,20.4,19.2,21.6,99.0
2023-08-21,22.7,19.9,25.5,89.0
2023-08-22,22.6,19.2,26.1,85.0
2023-08-23,25.2,20.0,30.4,82.0
2023-08-24,21.5,18.8,24.2,89.0
2023-08-25,17.9,15.9,19.9,94.0
2023-08-26,17.6,14.4,20.8,86.0
2023-08-27,17.3,14.4,20.2,86.0
2023-08-28,18.4,16.2,20.6,95.0
2023-08-29,18.6,16.2,21.1,90.0
2023-08-30,18.4,15.8,21.1,80.0
2023-08-31,18.9,15.7,22.1,85.0
2023-09-01,20.2,16.3,24.0,85.0
2023-09-02,17.9,15.4,20.4,92.0
2023-09-03,20.4,15.2,25.7,85.0
2023-09-04,22.4,18.6,26.1,83.0
2023-09-05,23.8,17.2,30.3,53.0
2023-09-06,22.9,19.0,26.8,58.0
2023-09-07,23.1,18.7,27.5,70.0
2023-09-08,22.0,17.9,26.0,82.0
2023-09-09,20.6,17.4,23.8,89.0
2023-09-10,19.6,16.6,22.5,91.0
2023-09-11,19.6,17.4,21.7,91.0
2023-09-12,19.3,16.4,22.2,87.0
2023-09-13,18.2,15.8,20.7,92.0
2023-09-14,19.8,16.0,23.5,81.0
2023-09-15,21.4,16.5,26.4,78.0
2023-09-16,19.7,16.6,22.8,91.0
2023-09-17,20.7,15.3,26.1,60.0
2023-09-18,19.4,15.5,23.3,77.0
2023-09-19,17.7,14.8,20.6,82.0
2023-09-20,19.0,13.9,24.0,74.0
2023-09-21,17.6,14.7,20.4,70.0
2023-09-22,17.0,13.8,20.1,73.0
2023-09-23,16.4,12.4,20.4,66.0
2023-09-24,17.9,12.1,23.7,67.0
2023-09-25,18.5,14.0,23.0,80.0
2023-09-26,19.0,16.3,21.8,82.0
2023-09-27,20.5,16.0,25.0,74.0
2023-09-28,21.0,16.6,25.5,70.0
2023-09-29,19.2,16.4,22.1,91.0
2023-09-30,21.7,14.9,28.5,82.0
2023-10-01,20.1,17.4,22.8,88.0
2023-10-02,18.9,15.9,21.9,81.0
2023-10-03,18.2,16.9,19.4,87.0
2023-10-04,18.4,15.5,21.3,87.0
2023-10-05,17.6,14.4,20.9,91.0
2023-10-06,20.0,16.6,23.3,89.0
2023-10-07,22.1,15.1,29.1,72.0
2023-10-08,24.5,17.6,31.4,55.0
2023-10-09,22.9,16.6,29.2,58.0
2023-10-10,20.1,16.0,24.2,72.0
2023-10-11,22.6,17.9,27.3,49.0
2023-10-12,23.3,17.8,28.8,54.0
2023-10-13,21.0,17.7,24.3,65.0
2023-10-14,15.4,13.0,17.9,88.0
2023-10-15,14.6,11.9,17.4,88.0
2023-10-16,17.5,14.2,20.8,87.0
2023-10-17,20.3,15.8,24.8,62.0
2023-10-18,19.2,14.4,23.9,53.0
2023-10-19,17.4,14.3,20.6,74.0
2023-10-20,13.6,11.4,15.7,88.0
2023-10-21,15.0,11.5,18.5,65.0
2023-10-22,15.0,10.6,19.3,76.0
2023-10-23,12.8,9.7,16.0,78.0
2023-10-24,15.0,9.0,21.1,66.0
2023-10-25,20.0,16.6,23.5,66.0
2023-10-26,15.8,13.3,18.3,84.0
2023-10-27,14.8,11.6,18.0,66.0
2023-10-28,16.9,12.8,21.0,61.0
2023-10-29,15.2,11.5,18.9,71.0
2023-10-30,14.4,10.3,18.4,65.0
2023-10-31,16.4,11.4,21.3,66.0
2023-11-01,16.8,12.5,21.2,57.0
2023-11-02,11.6,8.2,15.0,68.0
2023-11-03,13.8,9.8,17.8,72.0
2023-11-04,15.9,13.0,18.8,66.0
2023-11-05,13.6,10.6,16.7,77.0
2023-11-06,11.7,9.1,14.3,63.0
2023-11-07,10.6,8.8,12.4,83.0
2023-11-08,15.0,10.0,20.0,82.0
2023-11-09,13.8,11.2,16.3,63.0
2023-11-10,13.6,12.2,15.1,83.0
2023-11-11,17.4,12.3,22.6,74.0
2023-11-12,19.1,16.0,22.2,59.0
2023-11-13,20.2,16.4,23.9,59.0
2023-11-14,17.6,13.4,21.7,82.0
2023-11-15,16.4,13.0,19.8,87.0
2023-11-16,16.4,11.3,21.4,90.0
2023-11-17,14.2,10.6,17.8,88.0
2023-11-18,15.4,10.9,19.9,79.0
2023-11-19,14.2,11.4,17.1,90.0
2023-11-20,12.4,9.9,14.8,84.0
2023-11-21,11.6,10.3,13.0,79.0
2023-11-22,11.4,8.5,14.2,78.0
2023-11-23,10.2,5.8,14.6,81.0
2023-11-24,10.4,7.1,13.7,79.0
2023-11-25,11.0,7.3,14.7,86.0
2023-11-26,10.1,7.2,13.0,88.0
2023-11-27,12.4,10.6,14.3,91.0
2023-11-28,12.6,11.2,13.9,96.0
2023-11-29,14.4,12.4,16.3,94.0
2023-11-30,10.8,8.2,13.5,85.0
2023-12-01,9.6,7.4,11.8,81.0
2023-12-02,8.8,5.9,11.7,88.0
2023-12-03,8.6,4.6,12.5,78.0
2023-12-04,10.6,7.1,14.2,74.0
2023-12-05,8.7,6.3,11.1,80.0
2023-12-06,6.7,3.5,9.9,74.0
2023-12-07,11.8,7.4,16.2,89.0
2023-12-08,12.6,9.5,15.6,67.0
2023-12-09,16.5,11.1,21.9,68.0
2023-12-10,18.0,13.8,22.3,77.0
2023-12-11,16.4,13.2,19.6,59.0
2023-12-12,14.8,12.1,17.5,80.0
2023-12-13,11.2,9.4,12.9,74.0
2023-12-14,10.6,8.2,13.0,85.0
2023-12-15,10.4,6.6,14.3,85.0
2023-12-16,8.8,4.4,13.3,85.0
2023-12-17,8.2,3.7,12.7,78.0
2023-12-18,7.0,2.4,11.5,83.0
2023-12-19,7.6,2.5,12.7,74.0
2023-12-20,10.5,9.2,11.8,82.0
2023-12-21,11.4,9.6,13.1,85.0
2023-12-22,11.2,8.8,13.5,79.0
2023-12-23,9.7,5.9,13.5,78.0
2023-12-24,9.4,5.0,13.7,80.0
2023-12-25,11.0,5.8,16.3,55.0
2023-12-26,9.4,4.0,14.8,70.0
2023-12-27,10.8,4.9,16.7,71.0
2023-12-28,11.7,10.2,13.2,96.0
2023-12-29,11.8,9.3,14.2,89.0
2023-12-30,11.6,6.6,16.6,74.0
2023-12-31,10.8,9.1,12.6,56.0
2024-01-01,12.5,9.7,15.3,57.0
2024-01-02,16.2,11.9,20.6,64.0
2024-01-03,13.7,12.3,15.1,57.0
2024-01-04,10.4,8.1,12.8,69.0
2024-01-05,8.2,6.0,10.4,85.0
2024-01-06,8.5,6.2,10.8,79.0
2024-01-07,7.8,4.5,11.2,83.0
2024-01-08,5.6,2.0,9.2,80.0
2024-01-09,5.8,3.3,8.2,80.0
2024-01-10,7.2,5.4,9.1,94.0
2024-01-11,6.1,4.1,8.1,83.0
2024-01-12,6.6,2.9,10.3,82.0
2024-01-13,8.4,3.9,12.8,78.0
2024-01-14,13.4,10.8,15.9,88.0
2024-01-15,13.2,11.2,15.3,95.0
2024-01-16,13.6,10.6,16.6,89.0
2024-01-17,15.7,13.4,18.0,57.0
2024-01-18,12.0,7.3,16.8,77.0
2024-01-19,5.6,2.1,9.2,67.0
2024-01-20,5.2,-0.5,10.8,69.0
2024-01-21,12.4,6.9,17.9,66.0
2024-01-22,16.6,12.6,20.6,70.0
2024-01-23,14.4,10.7,18.2,84.0
2024-01-24,14.0,11.0,17.1,86.0
2024-01-25,12.8,8.7,16.8,81.0
2024-01-26,12.7,8.3,17.1,82.0
2024-01-27,10.6,6.0,15.3,89.0
2024-01-28,14.7,10.0,19.4,56.0
2024-01-29,13.6,8.3,18.9,58.0
2024-01-30,11.3,6.3,16.3,84.0
2024-01-31,11.6,6.9,16.3,78.0
2024-02-01,10.8,8.8,12.8,87.0
2024-02-02,10.4,6.1,14.7,84.0
2024-02-03,10.5,6.7,14.3,86.0
2024-02-04,10.2,6.0,14.4,89.0
2024-02-05,10.0,6.9,13.1,87.0
2024-02-06,12.4,8.4,16.3,77.0
2024-02-07,13.8,8.1,19.6,52.0
2024-02-08,17.8,15.0,20.7,38.0
2024-02-09,13.6,9.4,17.8,68.0
2024-02-10,9.9,8.1,11.7,71.0
2024-02-11,11.0,8.2,13.8,68.0
2024-02-12,12.4,8.4,16.3,78.0
2024-02-13,13.6,8.2,19.1,71.0
2024-02-14,15.1,10.7,19.5,73.0
2024-02-15,17.6,11.7,23.4,67.0
2024-02-16,12.0,9.1,14.8,84.0
2024-02-17,12.4,7.6,17.2,73.0
2024-02-18,12.8,8.9,16.7,85.0
2024-02-19,12.1,10.8,13.4,98.0
2024-02-20,12.9,9.8,16.0,81.0
2024-02-21,14.6,10.0,19.1,60.0
2024-02-22,13.6,6.8,20.4,61.0
2024-02-23,7.0,5.3,8.8,76.0
2024-02-24,8.0,5.1,11.0,75.0
2024-02-25,12.6,9.4,15.8,70.0
2024-02-26,8.6,6.0,11.1,80.0
2024-02-27,10.0,7.3,12.7,65.0
2024-02-28,10.4,7.3,13.4,78.0
2024-02-29,9.8,6.2,13.5,77.0
2024-03-01,10.0,6.5,13.4,71.0
2024-03-02,7.4,4.8,9.9,90.0
2024-03-03,7.0,4.4,9.6,86.0
2024-03-04,11.4,7.5,15.3,69.0
2024-03-05,10.0,6.6,13.5,66.0
2024-03-06,10.0,4.9,15.1,67.0
2024-03-07,13.0,8.5,17.6,50.0
2024-03-08,7.4,4.0,10.9,80.0
2024-03-09,10.8,7.9,13.6,49.0
2024-03-10,10.6,8.5,12.8,75.0
2024-03-11,11.5,9.3,13.7,74.0
2024-03-12,13.2,10.2,16.1,68.0
2024-03-13,12.8,7.5,18.2,71.0
2024-03-14,15.7,9.9,21.5,64.0
2024-03-15,13.2,9.1,17.2,79.0
2024-03-16,15.6,10.5,20.6,73.0
2024-03-17,16.9,13.3,20.5,80.0
2024-03-18,14.8,12.8,16.7,91.0
2024-03-19,13.2,12.5,14.0,96.0
2024-03-20,12.8,10.6,15.1,91.0
2024-03-21,14.0,10.3,17.7,87.0
2024-03-22,12.5,11.3,13.7,98.0
2024-03-23,11.4,9.7,13.2,80.0
2024-03-24,10.6,7.4,13.7,71.0
2024-03-25,10.3,6.4,14.2,80.0
2024-03-26,8.4,5.1,11.6,66.0
2024-03-27,10.8,5.7,15.9,59.0
2024-03-28,9.9,5.1,14.7,66.0
2024-03-29,9.8,5.8,13.9,75.0
2024-03-30,9.6,6.4,12.7,85.0
2024-03-31,9.6,4.6,14.7,69.0
2024-04-01,12.6,9.6,15.5,50.0
2024-04-02,13.2,7.8,18.7,66.0
2024-04-03,17.9,13.8,22.0,48.0
2024-04-04,17.4,12.5,22.2,64.0
2024-04-05,21.2,14.3,28.1,47.0
2024-04-06,18.2,11.6,24.7,79.0
2024-04-07,13.8,10.3,17.4,82.0
2024-04-08,11.2,7.6,14.9,73.0
2024-04-09,10.6,6.9,14.2,71.0
2024-04-10,12.0,7.5,16.6,70.0
2024-04-11,14.6,9.4,19.9,65.0
2024-04-12,18.6,11.1,26.0,54.0
2024-04-13,17.4,13.5,21.3,65.0
2024-04-14,15.0,11.9,18.2,90.0
2024-04-15,12.4,10.1,14.7,84.0
2024-04-16,12.4,10.4,14.3,74.0
2024-04-17,11.8,8.4,15.3,72.0
2024-04-18,10.5,7.0,14.0,75.0
2024-04-19,10.8,5.6,15.9,68.0
2024-04-20,12.3,8.5,16.1,76.0
2024-04-21,11.6,8.4,14.9,65.0
2024-04-22,9.8,5.3,14.2,61.0
2024-04-23,8.1,4.5,11.7,77.0
2024-04-24,9.4,5.4,13.4,79.0
2024-04-25,12.0,9.0,15.1,80.0
2024-04-26,11.0,8.4,13.6,87.0
2024-04-27,8.9,5.3,12.5,87.0
2024-04-28,10.8,7.7,13.9,70.0
2024-04-29,10.0,5.8,14.3,77.0
2024-04-30,11.8,8.3,15.2,86.0
2024-05-01,10.3,6.6,14.0,70.0
2024-05-02,11.0,6.9,15.2,79.0
2024-05-03,13.2,10.0,16.3,82.0
2024-05-04,18.0,13.0,23.1,76.0
2024-05-05,12.6,10.9,14.2,88.0
2024-05-06,12.2,8.3,16.2,76.0
2024-05-07,12.8,9.6,15.9,81.0
2024-05-08,13.0,8.3,17.7,75.0
2024-05-09,15.2,9.9,20.6,78.0
2024-05-10,16.4,12.1,20.8,79.0
2024-05-11,14.4,12.2,16.5,85.0
2024-05-12,14.5,11.4,17.6,73.0
2024-05-13,13.6,11.3,15.8,87.0
2024-05-14,13.2,10.9,15.6,80.0
2024-05-15,13.2,10.6,15.8,69.0
2024-05-16,14.3,10.6,18.0,74.0
2024-05-17,13.4,10.4,16.4,82.0
2024-05-18,12.6,10.1,15.1,88.0
2024-05-19,13.5,10.6,16.4,82.0
2024-05-20,13.2,9.3,17.2,84.0
2024-05-21,14.2,12.0,16.3,85.0
2024-05-22,13.8,10.7,16.8,82.0
2024-05-23,13.0,9.4,16.7,78.0
2024-05-24,14.2,11.2,17.3,80.0
2024-05-25,15.3,11.3,19.3,81.0
2024-05-26,15.0,12.5,17.4,83.0
2024-05-27,14.1,11.6,16.6,76.0
2024-05-28,14.9,12.2,17.6,77.0
2024-05-29,14.8,11.1,18.4,89.0
2024-05-30,15.0,13.4,16.7,86.0
2024-05-31,13.8,10.0,17.5,75.0
2024-06-01,14.6,10.0,19.1,72.0
2024-06-02,15.2,11.5,19.0,76.0
2024-06-03,17.0,14.8,19.3,77.0
2024-06-04,17.2,14.7,19.8,81.0
2024-06-05,16.5,14.6,18.4,91.0
2024-06-06,16.2,15.3,17.0,88.0
2024-06-07,17.2,15.0,19.5,86.0
2024-06-08,15.6,14.7,16.5,94.0
2024-06-09,15.0,12.9,17.0,83.0
2024-06-10,14.2,10.9,17.6,69.0
2024-06-11,14.8,12.0,17.6,86.0
2024-06-12,15.0,11.3,18.7,79.0
2024-06-13,13.8,10.1,17.4,82.0
2024-06-14,15.8,13.4,18.2,82.0
2024-06-15,16.0,12.5,19.5,70.0
2024-06-16,19.8,16.3,23.2,74.0
2024-06-17,19.4,15.8,23.1,78.0
2024-06-18,17.4,15.1,19.6,92.0
2024-06-19,16.4,14.399999999999999,18.4,92.0
2024-06-20,15.4,13.7,17.2,92.0
2024-06-21,15.9,13.3,18.5,77.0
2024-06-22,16.7,14.0,19.4,85.0
2024-06-23,18.0,16.1,19.8,93.0
2024-06-24,18.8,16.2,21.4,85.0
2024-06-25,19.2,16.8,21.7,88.0
2024-06-26,18.2,15.7,20.7,93.0
2024-06-27,18.0,16.5,19.5,93.0
2024-06-28,16.6,15.4,17.7,90.0
2024-06-29,15.8,13.9,17.7,85.0
2024-06-30,16.7,12.7,20.7,77.0
2024-07-01,16.2,12.2,20.3,82.0
2024-07-02,17.6,15.3,19.8,78.0
2024-07-03,17.4,14.6,20.2,74.0
2024-07-04,17.3,14.0,20.6,90.0
2024-07-05,18.0,16.0,20.1,88.0
2024-07-06,16.0,13.9,18.0,83.0
2024-07-07,16.0,12.3,19.8,72.0
2024-07-08,19.6,14.0,25.3,66.0
2024-07-09,20.8,16.9,24.8,83.0
2024-07-10,21.0,17.6,24.4,84.0
2024-07-11,20.0,16.6,23.5,86.0
2024-07-12,15.9,13.3,18.5,72.0
2024-07-13,17.2,13.2,21.3,70.0
2024-07-14,19.7,15.6,23.8,67.0
2024-07-15,20.9,15.9,25.9,65.0
2024-07-16,17.8,14.5,21.2,72.0
2024-07-17,19.0,14.2,23.9,73.0
2024-07-18,18.8,15.9,21.6,87.0
2024-07-19,19.6,16.9,22.4,86.0
2024-07-20,20.4,16.7,24.2,88.0
2024-07-21,17.8,15.2,20.4,72.0
2024-07-22,18.3,12.9,23.7,73.0
2024-07-23,19.8,15.0,24.7,79.0
2024-07-24,20.8,18.3,23.2,84.0
2024-07-25,20.1,17.9,22.3,88.0
2024-07-26,20.4,17.7,23.0,82.0
2024-07-27,19.6,16.4,22.7,91.0
2024-07-28,20.9,18.7,23.1,92.0
2024-07-29,21.2,19.1,23.3,92.0
2024-07-30,23.2,19.3,27.2,83.0
2024-07-31,20.6,18.7,22.4,93.0
2024-08-01,19.8,18.3,21.2,90.0
2024-08-02,19.5,17.9,21.1,82.0
2024-08-03,20.1,17.6,22.6,80.0
2024-08-04,20.8,17.7,23.9,81.0
2024-08-05,20.5,17.1,23.9,82.0
2024-08-06,21.2,17.7,24.7,82.0
2024-08-07,19.6,17.6,21.5,84.0
2024-08-08,20.8,18.7,22.9,84.0
2024-08-09,21.6,19.2,23.9,80.0
2024-08-10,21.5,18.0,25.0,81.0
2024-08-11,23.2,19.5,26.8,86.0
2024-08-12,21.4,18.9,23.9,78.0
2024-08-13,20.1,17.3,22.9,77.0
2024-08-14,18.4,14.2,22.6,71.0
2024-08-15,18.2,13.4,23.0,75.0
2024-08-16,18.8,14.9,22.8,81.0
2024-08-17,21.2,17.0,25.4,84.0
2024-08-18,19.8,17.5,22.1,89.0
2024-08-19,19.2,15.0,23.5,75.0
2024-08-20,20.1,15.6,24.6,87.0
2024-08-21,18.7,16.8,20.6,84.0
2024-08-22,19.6,16.8,22.3,83.0
2024-08-23,21.2,17.2,25.3,79.0
2024-08-24,20.0,15.9,24.1,79.0
2024-08-25,17.7,13.9,21.5,68.0
2024-08-26,17.0,11.9,22.2,73.0
2024-08-27,18.8,15.4,22.3,82.0
2024-08-28,19.2,17.0,21.5,86.0
2024-08-29,18.6,16.5,20.7,94.0
2024-08-30,19.8,18.3,21.4,94.0
2024-08-31,19.4,18.2,20.5,96.0
2024-09-01,20.0,18.1,21.9,90.0
2024-09-02,16.7,14.3,19.1,90.0
2024-09-03,16.5,14.3,18.7,89.0
2024-09-04,17.0,13.8,20.3,87.0
2024-09-05,13.6,11.8,15.4,90.0
2024-09-06,14.7,11.2,18.2,77.0
2024-09-07,15.7,11.6,19.8,74.0
2024-09-08,16.4,12.3,20.5,78.0
2024-09-09,18.0,14.8,21.1,82.0
2024-09-10,16.0,13.5,18.6,79.0
2024-09-11,16.4,13.0,19.8,83.0
2024-09-12,15.2,13.0,17.3,92.0
2024-09-13,15.2,12.0,18.5,73.0
2024-09-14,14.2,9.0,19.5,67.0
2024-09-15,14.8,9.5,20.1,75.0
2024-09-16,15.6,10.5,20.7,72.0
2024-09-17,15.4,10.8,20.1,78.0
2024-09-18,15.8,11.3,20.3,83.0
2024-09-19,16.5,13.2,19.8,88.0
2024-09-20,17.2,14.1,20.3,90.0
2024-09-21,16.8,14.2,19.3,93.0
2024-09-22,16.2,13.7,18.8,86.0
2024-09-23,16.0,12.8,19.1,77.0
2024-09-24,17.2,14.0,20.3,78.0
2024-09-25,20.8,14.1,27.5,68.0
2024-09-26,17.2,14.9,19.4,79.0
2024-09-27,14.0,11.1,16.8,71.0
2024-09-28,13.9,10.5,17.3,75.0
2024-09-29,15.899999999999999,13.3,18.5,57.0
2024-09-30,17.9,16.1,19.7,87.0
2024-10-01,20.4,16.1,24.8,85.0
2024-10-02,15.4,13.4,17.3,96.0
2024-10-03,15.2,11.8,18.7,85.0
2024-10-04,15.9,12.0,19.8,83.0
2024-10-05,18.1,15.5,20.7,88.0
2024-10-06,17.7,14.7,20.7,88.0
2024-10-07,18.0,14.2,21.7,70.0
2024-10-08,18.2,14.7,21.8,69.0
2024-10-09,17.9,14.2,21.6,82.0
2024-10-10,14.9,11.8,18.0,78.0
2024-10-11,14.6,9.3,20.0,78.0
2024-10-12,18.7,14.2,23.2,77.0
2024-10-13,17.4,13.1,21.6,82.0
2024-10-14,19.7,15.9,23.5,80.0
2024-10-15,18.2,16.3,20.0,90.0
2024-10-16,16.1,14.0,18.2,91.0
2024-10-17,14.4,11.1,17.7,82.0
2024-10-18,14.6,10.6,18.6,81.0
2024-10-19,16.3,14.1,18.5,94.0
2024-10-20,19.6,15.7,23.6,77.0
2024-10-21,15.5,13.8,17.2,77.0
2024-10-22,15.0,12.9,17.2,88.0
2024-10-23,14.7,10.1,19.3,84.0
2024-10-24,19.2,12.8,25.6,69.0
2024-10-25,11.6,8.2,15.0,71.0
2024-10-26,11.6,7.2,15.9,75.0
2024-10-27,12.4,8.7,16.0,85.0
2024-10-28,13.6,10.4,16.9,85.0
2024-10-29,13.2,9.5,16.8,86.0
2024-10-30,15.5,12.6,18.4,88.0
2024-10-31,16.1,11.2,21.0,84.0
2024-11-01,17.2,13.1,21.2,81.0
2024-11-02,15.4,12.4,18.3,88.0
2024-11-03,14.9,10.8,19.0,89.0
2024-11-04,16.9,12.2,21.6,74.0
2024-11-05,18.0,14.4,21.6,75.0
2024-11-06,16.5,12.2,20.8,83.0
2024-11-07,16.2,12.2,20.1,79.0
2024-11-08,18.3,14.4,22.2,77.0
2024-11-09,14.9,12.0,17.8,74.0
2024-11-10,15.6,13.8,17.3,94.0
2024-11-11,14.4,12.3,16.6,87.0
2024-11-12,11.4,8.1,14.6,74.0
2024-11-13,9.9,6.8,13.0,79.0
2024-11-14,12.3,11.1,13.5,81.0
2024-11-15,11.2,6.8,15.5,88.0
2024-11-16,12.6,9.4,15.8,92.0
2024-11-17,13.1,12.4,13.8,90.0
2024-11-18,13.2,11.1,15.2,91.0
2024-11-19,14.3,12.5,16.1,76.0
2024-11-20,15.7,14.3,17.1,74.0
2024-11-21,14.1,10.4,17.8,72.0
2024-11-22,9.9,6.6,13.2,74.0
2024-11-23,13.8,6.8,20.9,62.0
2024-11-24,19.4,14.0,24.9,40.0
2024-11-25,12.8,10.0,15.6,67.0
2024-11-26,13.8,9.9,17.8,60.0
2024-11-27,13.0,9.5,16.6,70.0
2024-11-28,14.6,9.8,19.5,74.0
2024-11-29,16.3,11.5,21.1,64.0
2024-11-30,15.6,12.1,19.0,71.0
2024-12-01,15.1,10.8,19.4,78.0
2024-12-02,12.2,10.5,14.0,89.0
2024-12-03,11.5,8.1,14.9,91.0
2024-12-04,11.4,9.0,13.7,88.0
2024-12-05,14.6,11.0,18.3,73.0
2024-12-06,16.0,13.2,18.7,79.0
2024-12-07,13.0,9.5,16.5,71.0
2024-12-08,9.8,7.7,12.0,75.0
2024-12-09,9.2,6.6,11.9,82.0
2024-12-10,8.3,6.1,10.5,92.0
2024-12-11,7.4,5.8,9.0,88.0
2024-12-12,8.2,3.8,12.6,68.0
2024-12-13,8.2,4.1,12.2,75.0
2024-12-14,9.0,5.3,12.7,79.0
2024-12-15,9.0,4.8,13.1,81.0
2024-12-16,9.4,4.7,14.0,75.0
2024-12-17,13.2,8.5,17.9,55.0
2024-12-18,15.6,12.3,18.9,70.0
2024-12-19,11.9,6.9,16.9,77.0
2024-12-20,9.8,6.6,13.0,80.0
2024-12-21,11.1,8.1,14.1,73.0
2024-12-22,11.6,8.7,14.5,82.0
2024-12-23,9.8,7.2,12.3,80.0
2024-12-24,10.4,6.8,14.0,83.0
2024-12-25,9.8,6.2,13.4,89.0
2024-12-26,9.4,7.6,11.2,91.0
2024-12-27,8.2,6.5,9.8,94.0
2024-12-28,9.6,6.7,12.4,85.0
2024-12-29,9.8,5.8,13.8,79.0
2024-12-30,8.7,4.9,12.5,83.0
2024-12-31,8.5,3.9,13.1,75.0
2025-01-01,8.0,2.8,13.3,70.0
2025-01-02,10.8,5.5,16.1,48.0
2025-01-03,12.8,9.3,16.4,75.0
2025-01-04,15.3,11.8,18.8,58.0
2025-01-05,15.8,11.7,19.8,60.0
2025-01-06,10.8,8.0,13.7,69.0
2025-01-07,13.6,8.6,18.6,62.0
2025-01-08,15.6,12.6,18.6,57.0
2025-01-09,13.4,10.7,16.0,80.0
2025-01-10,15.6,11.3,19.9,63.0
2025-01-11,10.6,6.7,14.5,91.0
2025-01-12,9.1,4.7,13.5,85.0
2025-01-13,5.4,1.3,9.5,82.0
2025-01-14,5.0,-0.2,10.3,74.0
2025-01-15,5.8,0.4,11.3,75.0
2025-01-16,6.9,1.2,12.6,78.0
2025-01-17,7.3,3.0,11.6,81.0
2025-01-18,8.8,3.8,13.9,60.0
2025-01-19,5.8,2.3,9.3,72.0
2025-01-20,10.4,6.6,14.2,82.0
2025-01-21,12.8,8.3,17.3,76.0
2025-01-22,11.8,9.4,14.1,87.0
2025-01-23,11.4,8.4,14.3,80.0
2025-01-24,14.4,9.8,19.0,49.0
2025-01-25,11.4,5.4,17.5,82.0
2025-01-26,12.2,6.0,18.3,62.0
2025-01-27,10.0,6.2,13.8,69.0
2025-01-28,9.1,7.3,10.9,75.0
2025-01-29,11.0,7.9,14.0,55.0
2025-01-30,8.7,6.3,11.1,73.0
2025-01-31,8.1,3.6,12.6,68.0
2025-02-01,10.4,8.0,12.9,86.0
2025-02-02,8.9,6.1,11.7,87.0
2025-02-03,9.4,6.1,12.6,87.0
2025-02-04,10.1,6.1,14.1,73.0
2025-02-05,9.6,5.7,13.4,77.0
2025-02-06,7.9,3.5,12.3,84.0
2025-02-07,6.9,5.2,8.6,88.0
2025-02-08,7.2,3.3,11.1,65.0
2025-02-09,12.0,8.8,15.3,89.0
2025-02-10,12.6,9.9,15.2,91.0
2025-02-11,13.2,8.8,17.7,78.0
